Fighter Name,slpmSecondSplit,strAccSecondSplit,sapmSecondSplit,strDefSecondSplit,tdAvgSecondSplit,tdAccSecondSplit,tdDefSecondSplit,subAvgSecondSplit,X,Y
Aaron Riley,3.45,34,3.78,61,1.18,34,60,0.1,8, 8
Aaron Rosa,4.03,47,4.41,45,0.36,33,85,0.4,8, 12
Aaron Simpson,3.6,52,2.53,56,3.78,34,83,0.5,5, 12
Abdul Razak Alhassan,4.59,46,4.2,59,0.57,33,53,0.0,10, 10
Abel Trujillo,2.65,41,2.31,59,2.18,45,40,0.4,5, 2
Abongo Humphrey,1.45,40,3.83,46,1.41,37,33,3.3,10, 0
Adam Milstead,3.85,46,4.79,43,0.0,0,64,0.0,12, 8
Adlan Amagov,3.29,47,0.82,78,5.84,56,100,0.0,0, 12
Adriano Martins,1.8,38,2.14,65,0.83,80,81,0.4,0, 1
Akbarh Arreola,2.32,45,4.01,56,1.07,100,33,0.4,0, 0
Akihiro Gono,2.18,48,2.67,63,1.01,84,46,0.5,0, 0
Akira Corassani,3.25,45,4.91,50,0.7,28,86,0.0,7, 12
Akira Shoji,1.03,34,2.63,53,1.79,73,82,0.4,3, 12
Akiyo Nishiura,1.59,57,1.26,57,0.0,0,52,0.3,12, 4
Al Iaquinta,4.06,40,4.44,61,0.64,18,74,0.2,12, 8
Alan Belcher,2.7,41,3.1,59,0.44,26,55,0.9,9, 6
Alan Jouban,4.85,50,3.34,61,0.59,50,62,0.0,0, 4
Alan Patrick,1.88,43,2.39,45,3.92,40,66,0.4,1, 11
Albert Morales,3.81,35,3.96,56,0.91,35,70,0.2,8, 10
Albert Tumenov,3.76,42,3.34,58,0.2,20,75,0.0,10, 8
Alberto Mina,3.23,38,3.7,47,1.85,20,50,0.0,11, 5
Alejandro Perez,3.52,35,2.94,64,0.52,20,73,0.1,8, 9
Aleksandar Rakic,5.17,52,2.41,53,1.2,28,88,0.3,9, 12
Aleksander Emelianenko,2.75,41,1.7,65,2.32,72,66,0.9,1, 1
Aleksei Kunchenko,3.67,44,2.83,63,0.25,33,80,0.0,7, 10
Aleksei Oleinik,3.08,50,3.25,49,3.01,46,20,2.8,5, 0
Alessio Di Chirico,3.2,42,3.22,62,1.95,50,83,0.0,6, 12
Alessio Sakara,3.96,47,2.8,59,2.18,78,62,0.0,0, 1
Alex Caceres,3.98,48,2.86,64,0.53,75,58,0.8,0, 1
Alex Chambers,2.97,54,5.1,50,2.31,41,53,1.0,4, 1
Alex Garcia,1.81,31,3.03,59,3.72,52,66,0.1,1, 12
Alex Karalexis,2.57,42,2.39,54,2.7,45,86,0.9,4, 12
Alex Morono,4.42,39,3.1,61,0.0,0,35,0.6,12, 3
Alex Nicholson,4.12,43,4.65,47,0.0,0,50,0.5,12, 7
Alex Oliveira,2.88,50,2.18,47,2.69,37,58,0.6,0, 8
Alex Perez,4.48,47,2.99,62,3.27,50,87,1.5,0, 6
Alex Serdyukov,4.94,48,3.1,46,1.84,55,67,1.8,0, 6
Alex Stiebling,1.77,42,1.45,52,0.35,66,66,0.7,1, 1
Alex White,3.76,42,3.07,60,0.92,28,71,0.5,8, 9
Alexa Grasso,5.25,41,3.61,63,0.19,33,63,0.6,10, 12
Alexander Gustafsson,4.02,40,3.44,51,1.56,39,85,0.4,7, 12
Alexander Hernandez,3.07,41,3.25,50,1.52,30,57,0.0,9, 6
Alexander Otsuka,0.9,55,1.16,51,1.51,43,53,0.8,1, 9
Alexander Volkanovski,6.15,57,3.14,59,2.16,34,72,0.4,10, 12
Alexander Volkov,5.36,60,2.48,58,0.75,75,76,0.2,0, 3
Alexander Yakovlev,1.79,47,2.44,58,1.56,33,72,0.2,4, 9
Alexandra Albu,4.83,47,5.56,38,2.27,50,77,0.4,9, 12
Alexandre Pantoja,4.58,47,3.53,56,1.1,35,60,1.3,9, 10
Alexis Davis,4.27,46,4.18,55,0.74,33,32,0.8,12, 3
Ali Bagautinov,2.85,42,3.09,52,2.51,36,65,0.3,6, 7
Alistair Overeem,3.54,62,2.15,59,1.39,53,73,0.9,0, 7
Aljamain Sterling,4.85,50,1.95,66,1.91,29,51,0.8,8, 8
Allan Goes,0.64,52,1.35,41,1.75,40,0,2.6,8, 0
Alptekin Ozkilic,3.81,32,5.72,59,4.21,58,75,0.0,0, 12
Alvaro Herrera,1.89,38,3.4,55,0.0,0,33,1.1,12, 1
Alvin Cacdac,1.21,66,0.61,0,0.0,0,0,0.0,12, 0
Alvin Robinson,1.57,50,1.29,51,1.24,50,25,1.2,7, 0
Amanda Cooper,3.55,44,3.2,51,1.53,38,28,1.8,4, 0
Amanda Nunes,4.34,49,2.63,55,2.33,47,80,0.7,0, 6
Amar Suloev,1.98,37,2.19,70,0.27,100,88,0.3,0, 0
Amir Sadollah,4.71,46,3.55,60,0.57,27,60,0.3,10, 10
Anderson Silva,3.04,62,1.98,61,0.52,77,69,0.8,0, 1
Andre Ewell,3.74,40,3.95,54,0.21,50,66,0.0,1, 4
Andre Fili,4.0,37,3.96,53,2.49,45,69,0.2,8, 11
Andre Galvao,2.34,52,1.56,58,2.02,27,0,2.8,10, 0
Andre Soukhamthath,2.77,44,4.31,49,1.25,53,58,0.2,2, 2
Andre Winner,2.52,33,4.57,51,0.0,0,74,0.0,12, 7
Andrea Lee,5.4,48,3.8,65,1.4,38,61,0.6,10, 12
Andrei Arlovski,3.55,44,2.69,59,0.52,36,79,0.3,7, 10
Andrew Craig,2.39,40,3.01,50,0.53,37,72,0.0,5, 8
Andrew Holbrook,2.2,49,3.0,54,0.85,18,10,2.1,12, 0
Andrew Sanchez,4.49,43,4.92,50,2.25,33,100,0.0,7, 12
Andrews Nakahara,2.68,44,1.9,57,0.0,0,72,0.4,12, 6
Andy Ogle,2.24,44,2.23,50,1.44,26,58,0.0,9, 5
Angela Hill,5.74,49,5.13,64,0.5,37,72,0.2,11, 12
Anthony Birchak,3.98,35,2.26,66,0.68,16,83,0.0,7, 10
Anthony Figueroa,2.37,48,3.77,49,0.0,0,58,0.0,12, 6
Anthony Hamilton,3.91,65,3.02,45,2.62,42,78,0.0,0, 7
Anthony Johnson,3.25,47,1.83,60,2.43,57,77,0.6,0, 7
Anthony Njokuani,3.94,46,2.41,65,0.5,45,53,0.2,7, 7
Anthony Perosh,2.27,43,3.77,53,2.03,22,33,1.1,11, 2
Anthony Pettis,2.97,46,3.48,53,0.67,54,58,1.2,2, 2
Anthony Rocco Martin,2.7,36,2.45,59,0.68,25,64,1.1,7, 6
Anthony Ruiz,2.56,64,1.67,28,1.43,31,21,0.0,6, 0
Anthony Smith,3.06,47,4.28,44,0.41,26,51,0.8,11, 6
Antoni Hardonk,3.4,61,3.07,46,0.0,0,40,0.9,12, 4
Antonina Shevchenko,4.9,57,1.92,65,0.67,100,58,1.0,0, 0
Antonio Banuelos,2.69,33,3.15,58,1.62,62,86,0.4,2, 5
Antonio Carlos Junior,1.91,44,1.98,53,3.7,44,53,0.9,0, 10
Antonio Carvalho,3.03,29,3.62,64,0.0,0,100,0.0,12, 8
Antonio Schembri,0.72,26,2.12,55,1.31,40,0,0.4,10, 0
Antonio Silva,2.89,45,3.09,50,0.82,29,66,0.8,9, 7
Antwain Britt,1.46,39,2.81,44,1.56,40,50,0.0,7, 3
Arjan Bhullar,2.33,56,3.25,59,1.73,75,100,0.0,0, 5
Arnold Allen,3.19,41,2.0,67,1.36,52,76,0.5,2, 5
Artem Lobov,3.52,41,4.82,50,0.39,25,52,0.0,11, 7
Ashlee Evans-Smith,4.86,35,4.39,57,1.3,25,72,0.0,10, 11
Ashley Yoder,3.1,42,3.56,49,1.33,38,66,0.5,7, 8
Aspen Ladd,5.22,55,4.84,46,2.45,75,66,1.2,0, 3
Assuerio Silva,1.42,46,4.2,54,2.66,34,25,1.8,6, 0
Atsushi Yamamoto,1.97,39,1.27,70,1.12,33,100,0.0,5, 11
Augusto Sakai,5.51,46,3.77,57,0.24,50,88,0.0,9, 12
Austin Arnett,4.52,41,6.38,62,0.44,18,57,0.2,12, 10
Bart Palaszewski,2.67,32,3.97,57,0.65,31,53,0.5,8, 6
Bartosz Fabinski,2.22,70,1.35,53,7.17,70,80,0.0,0, 12
Bec Rawlings,4.48,42,5.66,57,0.71,40,68,0.4,10, 11
Belal Muhammad,4.37,41,3.81,60,2.15,31,83,0.2,8, 12
Ben Nguyen,3.51,40,3.01,59,0.25,33,63,1.0,8, 8
Ben Rothwell,3.34,42,4.58,46,0.66,33,69,0.3,10, 8
Ben Saunders,3.23,50,3.58,51,0.2,40,66,1.3,8, 8
Beneil Dariush,3.87,49,2.65,59,1.8,33,80,1.1,7, 11
Benji Radach,2.62,49,2.31,51,1.06,41,71,0.4,3, 8
Benson Henderson,2.93,45,1.79,63,2.4,45,63,0.8,1, 8
Bethe Correia,4.47,44,4.28,60,0.37,20,84,0.0,10, 10
Bibiano Fernandes,2.91,40,2.02,72,3.97,53,77,0.6,1, 12
Billy Evangelista,4.51,40,3.96,61,1.6,19,61,0.2,10, 10
BJ Penn,2.76,48,3.2,56,1.19,55,74,0.5,1, 6
Blagoy Ivanov,3.09,38,3.93,55,1.07,62,75,0.2,1, 4
Blas Avena,2.34,47,3.36,43,2.37,80,50,1.8,1, 0
Bob Sapp,3.19,55,1.88,49,0.58,100,72,0.0,0, 0
Bobby Green,4.95,49,3.7,63,1.12,29,74,0.3,10, 12
Bobby Southworth,0.99,39,1.38,65,3.98,78,64,1.3,0, 12
Bobby Stack,1.0,20,2.89,34,7.48,45,100,0.0,0, 12
Bobby Voelker,4.01,35,5.84,42,1.04,50,66,0.0,9, 11
Bojan Velickovic,2.18,34,2.31,57,0.67,25,55,0.5,8, 5
Brad Blackburn,4.55,35,3.59,65,0.93,50,76,0.7,8, 12
Brad Katona,3.33,51,2.98,57,1.25,22,47,0.0,11, 5
Brad Pickett,3.02,31,4.63,55,2.47,44,58,0.4,4, 3
Brad Tavares,3.0,40,2.76,55,1.03,27,77,0.0,7, 10
Bradley Scott,3.52,41,4.31,57,0.32,15,63,0.7,12, 7
Brandon Davis,4.65,35,4.33,60,0.71,45,56,0.1,9, 11
Brandon Moreno,3.0,34,2.94,63,1.75,40,69,0.5,5, 6
Brandon Thatch,2.7,42,3.63,52,1.36,66,50,0.7,2, 1
Brandon Vera,3.03,56,2.81,52,0.7,53,59,0.2,1, 7
Brendan O'Reilly,1.9,47,2.77,39,2.22,43,36,0.6,6, 1
Brendan Schaub,2.92,37,2.22,57,2.32,46,72,0.4,3, 5
Brett Johns,3.3,48,4.27,54,4.29,52,61,1.0,0, 12
Brett Rogers,3.17,44,3.2,46,0.0,0,58,0.0,12, 6
Brian Bowles,2.36,26,2.98,64,1.39,70,54,1.4,1, 0
Brian Ebersole,2.32,49,2.14,56,1.7,23,61,0.1,9, 5
Brian Foster,3.3,39,1.63,65,3.67,60,37,1.8,3, 0
Brian Kelleher,4.87,45,5.83,54,1.47,29,84,0.9,11, 12
Brian Melancon,4.18,49,3.64,64,2.02,100,66,0.0,0, 1
Brian Ortega,4.07,33,7.36,50,0.51,16,56,1.4,12, 9
Brian Stann,3.28,42,2.65,59,0.12,12,60,0.3,12, 5
Brock Larson,1.39,46,1.5,55,2.67,34,43,2.0,7, 2
Brock Lesnar,3.53,72,2.11,50,3.9,55,60,0.5,0, 8
Bryan Barberena,5.65,48,5.0,44,0.26,33,47,0.3,12, 12
Bryan Caraway,2.53,34,3.61,54,2.57,25,80,0.8,6, 12
Bryce Mitchell,1.78,50,1.81,59,1.75,28,33,1.8,8, 1
Cain Velasquez,6.37,57,2.33,57,5.13,45,85,0.4,0, 12
Caio Magalhaes,2.27,40,2.78,56,1.05,15,58,1.6,10, 5
Calvin Kattar,5.12,41,6.36,57,0.47,33,77,0.0,12, 12
Caol Uno,1.91,49,1.9,50,1.95,31,37,0.5,8, 2
Carla Esparza,2.22,40,2.86,53,3.53,36,48,0.3,5, 2
Carlo Prater,2.03,47,4.07,35,0.43,9,57,1.7,12, 5
Carlos Condit,3.56,39,2.34,57,0.58,55,36,1.2,2, 0
Carlos Newton,0.65,41,1.55,44,2.47,70,43,0.9,2, 0
Carmelo Marrero,0.84,34,2.04,54,3.21,36,36,0.9,8, 1
Caros Fodor,2.76,54,2.83,54,2.1,25,50,0.0,10, 5
Casey Olson,2.48,60,0.0,100,3.54,57,100,1.8,2, 12
Cat Zingano,2.57,61,1.63,47,2.77,65,42,0.8,2, 0
Cathal Pendred,2.49,44,3.01,55,2.46,23,83,0.4,5, 12
CB Dollaway,2.65,47,2.58,54,3.55,54,62,1.2,0, 10
Cezar Ferreira,1.9,42,2.44,53,2.69,53,84,0.5,3, 12
Chad Griggs,2.67,50,2.22,46,1.51,66,41,0.0,2, 0
Chad Laprise,4.78,42,3.59,65,1.05,54,78,0.0,0, 4
Chad Mendes,2.78,49,2.35,67,4.13,55,100,0.3,3, 12
Chael Sonnen,3.08,43,1.1,62,3.81,59,66,0.4,0, 12
Chan Sung Jung,4.58,41,3.73,60,0.78,41,77,0.6,9, 12
Chance Rencountre,1.1,20,3.62,49,1.35,26,16,0.3,10, 0
Charles Bennett,1.39,39,1.35,64,2.02,100,36,2.0,0, 0
Charles Oliveira,3.27,51,3.08,54,2.61,42,57,2.8,4, 2
Charles Rosa,3.79,36,4.22,50,2.82,34,47,1.2,4, 2
Charlie Brenneman,1.52,56,1.55,46,4.23,42,72,0.0,0, 10
Charlie Valencia,2.58,37,2.61,77,1.4,53,75,0.5,3, 5
Chas Skelly,2.02,40,3.35,48,1.71,34,33,2.4,10, 0
Chase Beebe,2.17,38,1.64,69,2.49,42,41,0.9,7, 3
Chase Sherman,5.81,43,5.76,51,0.0,0,77,0.0,12, 10
Che Mills,2.08,52,2.87,43,1.18,66,58,0.0,1, 0
Cheick Kongo,3.33,56,1.28,54,2.3,56,52,0.2,0, 8
Chico Camus,2.58,41,2.46,64,0.77,40,72,0.4,5, 8
Chris Beal,3.45,35,3.18,61,1.6,58,78,0.2,1, 4
Chris Brennan,0.6,40,0.97,50,0.0,0,25,2.1,12, 0
Chris Camozzi,3.57,44,2.96,56,0.27,19,57,0.5,11, 6
Chris Cariaso,3.35,43,2.23,61,1.11,39,57,0.8,7, 7
Chris Clements,3.2,49,2.37,44,0.0,0,32,0.3,12, 3
Chris Cope,3.96,26,4.82,50,0.0,0,80,0.0,12, 8
Chris de la Rocha,4.08,45,6.37,43,2.02,30,33,1.0,4, 0
Chris Dempsey,2.25,32,2.82,65,2.64,23,16,0.0,10, 0
Chris Gruetzemacher,7.12,58,5.09,56,0.0,0,62,0.0,12, 12
Chris Horodecki,4.59,41,3.16,65,1.52,55,37,0.9,3, 1
Chris Kelades,2.4,43,2.64,48,1.04,18,53,0.3,10, 5
Chris Leben,2.87,42,2.87,52,1.14,41,53,0.8,7, 6
Chris Lytle,3.76,45,3.03,58,0.7,55,55,2.4,2, 2
Chris Spang,1.83,36,1.95,60,0.0,0,50,0.9,12, 3
Chris Tuchscherer,1.35,31,3.17,47,1.19,18,0,0.6,11, 0
Chris Wade,1.7,53,1.75,51,2.6,51,55,1.1,0, 9
Chris Weidman,3.14,42,3.25,51,3.82,50,73,1.0,1, 12
Chris Wilson,2.32,50,1.36,55,1.31,50,60,1.6,2, 8
Christian Morecraft,2.82,34,2.46,46,3.26,66,50,2.2,2, 0
Christian Wellisch,3.12,27,3.04,56,1.22,42,45,1.2,5, 4
Christos Giagos,3.05,40,2.73,49,2.74,42,50,0.4,4, 2
Chuck Liddell,2.97,35,2.71,56,0.44,75,81,0.0,0, 2
Claude Patrick,1.8,55,0.89,69,2.32,53,84,1.7,2, 10
Claudia Gadelha,3.17,42,4.38,58,3.34,47,58,0.8,3, 2
Claudio Silva,2.8,51,2.17,45,3.32,33,50,2.1,5, 1
Clay Collard,4.22,32,5.0,50,2.81,39,71,0.5,8, 12
Clay Guida,2.45,33,2.4,65,3.39,38,69,0.7,3, 12
Clint Hester,3.36,42,3.44,56,1.02,35,60,0.0,8, 8
Cody Donovan,5.61,59,5.44,45,1.67,28,0,1.7,4, 0
Cody Garbrandt,3.53,37,3.53,64,0.94,33,100,0.0,7, 12
Cody Gibson,2.47,31,2.54,63,1.85,38,58,0.4,6, 5
Cody McKenzie,1.74,34,2.5,67,2.5,25,14,2.5,10, 0
Cody Pfister,1.41,25,2.8,51,2.82,30,0,0.0,10, 0
Cody Stamann,4.25,49,3.06,64,3.58,48,86,0.0,6, 12
Colby Covington,4.17,37,3.02,55,4.91,51,78,0.2,0, 12
Cole Escovedo,1.77,43,4.32,49,0.43,33,13,0.0,12, 1
Cole Miller,3.0,33,3.88,59,0.6,36,38,1.8,11, 2
Colton Smith,1.64,41,2.3,51,4.09,36,25,1.4,7, 0
Conor Heun,2.92,36,3.66,54,2.45,31,33,0.3,5, 1
Conor McGregor,5.43,49,4.4,55,0.75,62,70,0.0,0, 4
Corey Anderson,4.43,46,2.22,59,4.89,50,83,0.0,0, 12
Cortney Casey,4.8,38,4.73,53,0.35,30,38,0.5,10, 10
Cory Devela,4.07,41,4.0,47,1.07,12,62,0.0,12, 7
Cory Sandhagen,7.14,48,4.16,58,1.24,50,27,0.6,11, 12
Costas Philippou,2.19,35,2.73,54,0.4,42,65,0.3,5, 6
Coty Wheeler,1.88,22,3.16,59,0.87,37,33,2.6,10, 0
Court McGee,4.86,35,3.8,61,1.71,21,63,0.4,10, 10
Cris Cyborg,7.28,52,2.25,64,0.66,55,94,0.4,9, 12
Cristiano Marcello,2.56,33,3.61,58,0.44,11,20,0.9,12, 0
Cub Swanson,4.59,49,3.65,61,1.06,50,60,0.5,1, 5
Cung Le,4.36,48,2.98,66,1.37,71,88,0.3,0, 4
Curtis Blaydes,3.74,51,1.86,57,6.63,55,25,0.0,0, 12
Curtis Millender,3.86,46,2.95,61,0.43,100,57,0.0,0, 0
Curtis Stout,0.69,67,3.2,29,0.0,0,20,0.0,12, 2
Cynthia Calvillo,4.12,43,3.54,63,1.83,43,69,1.6,8, 11
Cyril Asker,3.35,39,5.82,35,4.41,62,100,0.9,6, 12
Cyrille Diabate,4.06,71,1.78,60,1.17,83,53,0.2,0, 0
Daijiro Matsui,0.84,45,1.69,55,1.83,30,43,0.4,8, 2
Daiju Takase,0.49,30,1.64,47,0.84,17,21,1.2,11, 0
Daisuke Nakamura,0.94,30,1.38,61,0.46,40,30,3.6,10, 0
Damacio Page,2.05,38,2.47,51,2.63,64,23,0.9,3, 0
DaMarques Johnson,2.11,37,3.75,51,1.18,55,19,0.7,4, 0
Damian Stasiak,1.86,36,3.1,52,2.64,35,43,0.6,6, 2
Damien Brown,3.66,38,4.86,50,0.68,27,53,0.7,10, 8
Damir Hadzovic,2.99,46,2.99,66,0.68,60,39,0.2,2, 0
Dan Bobish,2.06,44,1.74,34,2.44,42,0,1.6,8, 0
Dan Hardy,2.46,35,3.44,51,0.73,35,35,0.4,11, 2
Dan Henderson,2.44,47,2.7,51,1.52,52,57,0.3,2, 7
Dan Hooker,4.76,45,4.67,55,0.43,28,78,0.3,10, 12
Dan Ige,3.89,49,2.69,62,2.38,35,61,0.8,7, 8
Dan Lauzon,1.34,25,4.09,61,1.63,33,80,2.7,5, 12
Dan Miller,2.03,36,3.06,49,1.67,54,47,1.8,5, 3
Daniel Acacio,3.52,36,2.85,62,0.33,20,81,0.0,7, 10
Daniel Cormier,4.25,52,2.75,56,1.95,44,77,0.5,0, 6
Daniel Kelly,3.62,38,4.64,61,1.86,34,78,0.3,8, 12
Daniel Omielanczuk,3.09,57,3.29,47,0.56,26,68,0.1,11, 6
Daniel Pineda,2.99,43,2.51,47,1.46,25,48,2.0,9, 5
Daniel Puder,2.77,68,1.17,38,1.21,50,81,9.0,1, 9
Daniel Roberts,0.73,20,2.27,46,2.46,44,40,2.5,9, 0
Daniel Sarafian,2.23,46,3.1,58,0.36,7,53,0.7,12, 5
Daniel Spitz,2.6,35,5.3,46,0.74,66,0,0.0,3, 0
Daniel Teymur,3.08,46,3.93,56,0.56,18,60,0.3,12, 6
Danielle Taylor,2.75,29,3.31,71,0.2,20,70,0.2,7, 9
Danny Castillo,2.57,42,1.96,62,2.95,38,63,0.2,2, 11
Danny Downes,1.66,34,3.53,37,0.0,0,37,0.5,12, 2
Danny Martinez,2.73,28,3.77,63,3.0,45,36,0.0,4, 2
Danny Roberts,3.41,44,3.08,55,0.18,6,53,0.4,12, 5
Darko Stosic,2.61,45,4.04,58,3.42,50,83,0.0,4, 12
Daron Cruickshank,2.88,38,2.98,57,2.04,41,60,0.2,5, 5
Darrell Horcher,2.05,44,4.21,39,0.35,50,47,0.7,3, 1
Darren Elkins,3.27,36,2.8,53,2.52,35,58,1.3,5, 4
Darren Stewart,2.94,44,2.44,54,1.38,44,65,0.0,4, 7
Darren Till,2.41,46,3.03,59,0.66,41,82,0.0,6, 10
Darren Uyenoyama,1.34,39,2.21,66,1.42,33,35,0.7,9, 2
Dave Herman,4.98,60,3.78,48,1.49,100,58,0.0,0, 1
Dave Menne,1.84,44,1.99,42,0.46,50,57,2.5,6, 3
Davey Grant,3.13,52,1.68,65,2.64,47,64,0.0,0, 8
Davi Ramos,2.74,39,2.8,57,2.42,50,100,0.7,5, 12
David Abbott,1.35,30,3.55,38,1.07,33,66,0.0,6, 5
David Bielkheden,1.11,57,1.64,54,2.65,63,14,0.0,7, 0
David Branch,1.66,39,1.91,56,2.55,32,43,0.0,8, 3
David Heath,1.48,30,5.16,49,0.33,50,57,1.0,5, 4
David Loiseau,1.59,44,3.64,43,0.43,42,36,0.1,10, 3
David Mitchell,1.74,32,2.06,55,0.66,50,29,2.0,9, 0
David Teymur,4.69,43,3.53,55,0.94,33,77,0.0,9, 12
David Zawada,3.38,41,4.32,56,0.94,22,60,3.3,10, 7
Dean Lister,1.26,35,1.89,61,1.58,15,50,1.1,9, 3
Deiveson Figueiredo,2.54,52,2.76,52,1.81,50,61,2.4,0, 8
Demetrious Johnson,3.43,54,1.66,67,3.35,56,65,0.5,0, 10
Demian Maia,1.82,43,2.03,63,2.55,26,61,1.0,7, 4
Denis Kang,2.27,35,1.65,67,2.51,65,38,1.2,2, 0
Dennis Bermudez,4.42,46,3.07,59,3.89,40,82,1.1,6, 12
Dennis Hallman,1.12,44,1.96,43,1.79,30,25,2.1,9, 0
Dennis Siver,3.87,32,2.67,65,0.87,32,65,0.3,8, 9
Derek Brunson,3.39,45,2.91,54,2.8,29,100,0.5,6, 12
Derrick Lewis,2.53,49,2.14,44,0.48,24,53,0.0,10, 5
Desmond Green,3.7,46,2.51,69,1.62,50,75,0.0,1, 6
Devin Clark,3.12,55,2.45,47,3.03,42,80,0.1,0, 8
Devin Cole,2.68,50,2.53,47,0.9,33,66,0.0,5, 8
Devin Powell,2.88,41,3.67,51,0.0,0,0,0.6,12, 0
Dhiego Lima,2.84,40,2.96,62,1.66,44,66,0.8,4, 6
Diego Brandao,2.94,47,3.38,62,3.21,68,80,0.6,0, 6
Diego Ferreira,5.07,36,3.11,61,1.04,27,70,1.0,9, 11
Diego Nunes,2.72,43,2.59,58,1.18,44,65,0.6,4, 7
Diego Rivas,1.37,40,2.14,52,1.79,60,64,0.9,2, 9
Diego Sanchez,2.73,38,2.95,56,1.57,24,46,0.9,9, 4
Din Thomas,1.85,37,2.6,59,1.38,52,76,1.2,4, 10
Dokonjonosuke Mishima,1.06,41,1.22,52,2.47,40,25,1.4,8, 0
Dominick Cruz,3.53,31,2.15,74,3.17,50,83,0.1,4, 12
Dominick Reyes,4.88,49,3.0,48,0.24,16,82,0.2,10, 9
Dominique Steele,2.32,49,2.42,50,2.95,42,76,0.0,3, 10
Don Frye,2.87,64,3.57,37,0.91,57,45,0.7,2, 0
Donald Cerrone,4.33,46,4.27,53,1.21,36,73,1.3,9, 12
Dong Hyun Kim,2.12,49,1.89,58,2.93,43,71,0.6,2, 10
Dong Hyun Ma,2.84,41,4.1,54,1.27,53,33,0.0,3, 0
Dong Sik Yoon,0.99,36,2.33,51,1.6,29,33,1.3,9, 1
Dongi Yang,3.55,51,3.21,63,1.7,41,61,0.5,7, 8
Dooho Choi,5.32,51,6.38,53,0.41,20,50,0.0,12, 11
Doug Marshall,6.99,46,4.02,60,0.0,0,66,2.4,12, 12
Douglas Silva de Andrade,3.96,38,4.43,58,0.65,50,65,0.0,1, 4
Drakkar Klose,3.89,53,3.64,53,1.56,30,68,0.0,9, 9
Drew Dober,4.51,40,4.16,53,0.95,17,62,0.1,10, 9
Drew Fickett,2.33,41,2.29,57,1.3,35,30,2.2,10, 0
Drew McFedries,5.13,51,4.56,52,1.42,100,56,0.7,0, 1
Duane Ludwig,4.62,44,3.05,57,0.43,25,59,0.1,9, 9
Dustin Hazelett,2.24,40,3.51,46,0.55,50,25,4.1,10, 0
Dustin Kimura,1.33,21,3.82,51,0.93,37,50,2.2,6, 4
Dustin Ortiz,2.94,44,2.17,56,3.01,36,52,0.1,5, 3
Dustin Pague,1.65,53,2.96,41,1.03,44,55,2.6,6, 2
Dustin Poirier,5.51,49,3.97,56,1.55,37,61,1.2,10, 12
Dylan Andrews,2.21,50,2.72,46,2.83,50,57,0.4,0, 8
Ebenezer Fontes Braga,2.42,50,0.42,71,0.0,0,90,0.6,6, 9
Ed Herman,3.33,49,3.13,44,2.2,48,59,1.2,0, 7
Ed Ratcliff,2.71,38,2.96,63,0.28,16,53,0.0,12, 5
Eddie Alvarez,4.32,41,4.39,55,2.92,36,92,0.5,7, 12
Eddie Gordon,2.03,32,2.57,60,1.93,83,63,0.0,0, 0
Eddie Sanchez,3.45,43,3.3,43,1.13,26,42,0.0,12, 4
Eddie Wineland,3.41,29,3.51,70,0.28,28,86,0.1,7, 12
Edgar Garcia,3.16,29,4.23,60,2.21,57,50,0.6,3, 3
Edmen Shahbazyan,4.11,52,2.16,62,6.77,40,75,0.8,0, 12
Edson Barboza,4.01,43,4.16,60,0.49,44,80,0.1,8, 12
Edwin DeWees,1.53,33,6.19,39,2.18,66,0,3.3,5, 0
Edwin Figueroa,2.57,39,3.06,51,0.2,100,37,0.6,0, 0
Efrain Escudero,2.92,44,2.3,63,1.31,40,66,0.8,5, 7
Eiji Mitsuoka,1.49,49,2.26,45,2.3,36,20,1.6,7, 0
Elias Silverio,3.67,49,2.97,51,1.62,38,85,0.2,7, 12
Elias Theodorou,4.19,42,2.39,53,1.27,28,59,0.0,8, 8
Eliot Marshall,1.93,27,2.39,67,0.47,33,79,0.9,6, 10
Elizabeth Phillips,2.6,33,3.07,58,0.75,25,53,0.2,9, 5
Elizeu Zaleski dos Santos,4.17,39,3.13,59,0.65,20,48,0.5,9, 7
Elvis Sinosic,1.13,37,4.6,53,0.0,0,0,1.2,12, 0
Emil Meek,2.52,39,2.53,38,0.25,33,47,1.0,10, 4
Emily Whitmire,2.84,31,2.95,55,1.18,66,66,0.6,2, 3
Enrique Barzola,3.91,41,2.97,68,4.2,45,66,0.3,0, 12
Enson Inoue,1.7,63,1.88,30,0.0,0,33,0.0,12, 3
Eric Lawson,1.58,57,1.97,44,8.88,42,0,3.0,6, 0
Eric Schafer,1.89,34,3.38,56,1.81,36,50,1.8,6, 3
Eric Shelton,2.57,42,1.88,63,2.83,51,46,0.2,4, 3
Eric Spicely,3.71,45,5.72,55,1.31,20,75,1.0,12, 8
Erick Silva,2.5,48,4.18,49,0.85,35,56,1.4,10, 6
Erik Koch,2.33,42,2.82,47,1.02,42,81,1.0,4, 9
Erik Perez,3.16,40,2.09,66,3.16,55,69,0.2,1, 12
Eryk Anders,3.06,45,4.15,52,1.51,40,76,0.1,7, 11
Estevan Payan,4.25,42,3.58,57,0.36,100,60,0.4,0, 0
Eugene Jackson,2.19,33,3.44,32,1.91,71,16,2.3,3, 0
Evan Dunham,5.35,39,3.54,61,1.83,33,80,1.0,9, 12
Evan Tanner,3.05,59,2.64,56,2.55,43,25,1.3,5, 0
Evangelista Santos,3.94,36,6.01,49,0.78,100,50,0.4,0, 0
Fabiano Iha,1.73,47,2.49,42,2.88,40,50,2.9,6, 1
Fabio Maldonado,5.29,58,4.31,53,0.44,57,61,0.6,0, 4
Fabricio Camoes,1.29,33,1.85,61,2.34,32,20,1.5,9, 0
Fabricio Werdum,3.61,51,2.45,56,1.65,30,31,1.1,5, 0
Falaniko Vitale,1.88,49,3.68,47,0.72,33,86,0.0,6, 10
Fedor Emelianenko,3.18,51,1.0,63,2.0,63,82,1.9,0, 7
Felice Herrig,3.69,36,4.89,50,1.2,30,76,0.9,9, 10
Felicia Spencer,4.54,55,6.27,44,1.36,16,0,0.7,12, 0
Felipe Arantes,2.37,45,2.66,64,0.93,47,41,0.7,6, 3
Fernando Gonzalez,4.47,47,4.03,65,0.86,33,43,1.4,9, 8
Forrest Griffin,4.38,36,2.81,61,1.05,48,57,0.7,3, 4
Forrest Petz,2.27,29,2.2,57,1.3,100,66,0.0,0, 0
Francimar Barroso,2.77,52,3.07,59,2.22,24,83,0.0,6, 11
Francis Carmont,2.22,42,1.64,59,1.79,36,73,0.6,4, 10
Francis Ngannou,2.15,37,1.97,48,0.0,0,71,0.5,12, 6
Francisco Rivera,4.07,41,3.16,68,1.01,63,68,0.6,1, 3
Francisco Trinaldo,3.13,43,2.59,59,1.02,44,61,0.5,5, 7
Frank Camacho,6.68,46,7.14,52,1.18,45,72,0.0,12, 12
Frank Gomez,1.52,48,0.79,66,1.14,60,70,0.8,2, 9
Frank Mir,2.18,47,3.84,38,2.02,40,54,2.0,5, 2
Frank Shamrock,4.75,53,4.66,57,0.35,50,37,1.1,3, 0
Frank Trigg,2.79,46,1.9,56,2.35,47,75,0.8,3, 10
Frankie Edgar,3.6,40,2.48,68,2.34,31,65,0.3,7, 9
Frankie Perez,1.64,41,2.17,54,1.75,41,50,0.3,7, 3
Frankie Saenz,3.97,46,3.15,54,1.77,32,62,0.1,8, 8
Fredson Paixao,1.71,54,2.31,62,0.62,11,10,2.2,12, 0
Fredy Serrano,1.58,26,1.89,61,2.84,25,84,0.0,4, 12
Gabriel Benitez,4.32,41,2.93,71,0.21,100,56,1.5,0, 0
Gabriel Gonzaga,2.12,45,2.94,57,2.8,39,66,1.1,2, 10
Gadzhimurad Antigulov,2.32,51,5.92,21,8.7,41,0,3.5,5, 0
Gan McGee,2.2,29,2.31,59,0.65,25,83,0.0,6, 10
Garreth McLellan,3.56,54,2.94,45,1.15,22,34,0.9,12, 3
Gary Goodridge,1.84,56,2.14,48,0.4,100,53,0.8,0, 0
Gasan Umalatov,2.23,39,4.1,59,0.75,17,90,0.0,6, 12
Gavin Tucker,2.66,37,4.04,58,2.08,33,33,1.0,5, 1
Geane Herrera,1.51,31,5.07,52,0.83,37,38,0.6,10, 2
Gegard Mousasi,3.75,50,1.21,68,1.59,60,59,1.1,2, 2
Geoff Neal,6.04,49,3.57,65,0.85,50,92,0.4,9, 12
George Roop,3.43,34,2.47,60,1.05,57,59,0.1,3, 4
George Sotiropoulos,2.61,27,2.52,67,2.32,31,53,1.6,6, 4
George Sullivan,3.53,39,2.42,57,1.37,20,38,0.7,12, 3
Georges St-Pierre,3.78,53,1.4,72,4.16,74,83,1.1,0, 12
Gerald Harris,1.41,29,1.58,62,2.96,54,72,0.0,2, 12
Gerald Meerschaert,3.32,43,3.4,52,2.37,43,46,1.7,4, 1
Germaine de Randamie,2.72,47,2.15,64,0.0,0,71,0.2,12, 6
Gesias Cavalcante,1.98,35,3.11,51,1.25,36,66,1.1,6, 5
Gian Villante,4.26,42,5.34,55,0.53,23,83,0.0,12, 9
Gilbert Burns,3.13,44,3.02,56,2.39,38,44,0.7,4, 2
Gilbert Melendez,3.44,33,2.53,63,1.64,41,71,0.2,4, 5
Gilbert Yvel,1.05,47,1.78,50,0.0,0,25,1.0,12, 0
Gillian Robertson,2.18,50,2.75,54,3.44,47,0,1.3,7, 0
Gina Carano,4.5,47,2.66,64,1.24,66,85,1.6,0, 4
Gina Mazany,2.72,49,2.84,50,3.18,77,20,0.0,2, 0
Gleison Tibau,1.95,31,2.51,63,4.08,53,92,0.8,2, 12
Glover Teixeira,3.41,44,3.84,54,2.0,38,60,1.0,8, 8
Godofredo Pepey,2.32,38,3.23,47,0.37,7,35,1.5,12, 1
Goran Reljic,1.69,37,2.69,59,1.69,50,33,1.1,8, 1
Gray Maynard,1.92,32,2.64,66,2.91,47,81,0.7,3, 12
Greg Hardy,4.77,49,3.21,56,0.0,0,83,0.0,12, 8
Gregor Gillespie,3.58,49,2.14,60,7.02,47,0,0.9,5, 0
Guido Cannetti,2.85,51,2.17,50,2.64,50,75,0.3,1, 8
Gunnar Nelson,1.71,57,3.33,49,1.72,55,66,0.9,0, 8
Guy Mezger,2.3,32,1.36,72,0.39,50,88,0.0,5, 10
Hacran Dias,2.08,41,3.31,55,2.5,39,76,0.5,4, 12
Hakeem Dawodu,5.28,46,2.31,64,0.0,0,85,0.0,12, 8
Hannah Cifers,4.82,45,5.55,53,0.32,100,64,0.3,0, 1
Hatsu Hioki,2.42,42,2.12,65,2.55,56,54,0.6,3, 3
Hayato Sakurai,2.45,49,1.94,59,1.87,69,56,0.3,1, 0
Heath Herring,2.37,50,1.77,54,1.22,50,32,0.7,3, 0
Hector Lombard,3.02,46,3.35,53,1.69,48,77,0.5,1, 6
Hector Sandoval,3.31,52,2.33,65,3.49,25,71,1.4,4, 11
Henrique da Silva,3.89,60,5.28,40,0.25,14,22,0.2,12, 4
Henry Briones,3.47,42,4.68,53,0.0,0,52,0.6,12, 7
Henry Cejudo,3.82,44,2.73,65,2.16,35,90,0.2,7, 12
Henry Miller,1.25,36,2.16,54,0.55,25,60,0.0,8, 4
Hermes Franca,1.78,39,2.85,55,1.53,36,37,2.4,9, 1
Hidehiko Yoshida,1.05,36,1.89,62,1.09,33,71,2.2,6, 5
Hideo Tokoro,1.78,37,2.01,65,0.87,34,44,2.3,8, 3
Hiromitsu Kanehara,0.76,22,4.39,40,0.0,0,40,0.4,12, 2
Hiromitsu Miura,2.12,34,2.12,58,2.23,50,69,0.6,4, 5
Hirotaka Yokoi,1.52,33,3.42,38,1.87,41,66,0.4,5, 4
Hiroyuki Takaya,3.18,33,3.16,60,0.9,45,66,0.0,4, 5
Hitomi Akano,0.59,45,2.58,55,0.0,0,8,0.5,12, 0
Holly Holm,2.75,35,2.8,57,0.5,27,76,0.1,7, 9
Hong Man Choi,1.32,26,1.46,36,0.71,100,84,0.0,0, 0
Houston Alexander,3.06,54,3.2,52,1.19,57,33,0.0,3, 0
Hugo Viana,3.05,38,3.2,57,0.22,6,50,0.0,12, 5
Humberto Bandenay,2.22,41,4.79,41,2.9,46,62,0.5,4, 2
Hyun Gyu Lim,4.45,41,5.07,51,0.23,100,73,0.2,0, 1
Ian Freeman,2.54,48,3.11,44,1.44,40,80,0.7,4, 9
Ian Heinisch,3.38,50,2.86,59,1.18,19,62,0.5,9, 7
Ian McCall,3.59,39,3.25,67,2.08,30,88,0.0,7, 12
Igor Araujo,1.52,42,2.86,49,0.86,15,22,0.6,12, 0
Igor Pokrajac,2.25,45,4.26,40,0.87,29,51,0.2,11, 5
Igor Vovchanchyn,1.59,49,0.97,63,1.19,66,50,0.5,1, 0
Ikuhisa Minowa,0.88,40,1.66,49,1.82,41,5,1.9,9, 0
Ildemar Alcantara,1.93,38,2.63,50,2.0,68,81,0.9,2, 5
Ilir Latifi,2.01,40,2.84,56,2.02,32,100,0.4,5, 12
Ion Cutelaba,5.29,39,3.26,48,2.59,71,80,0.0,0, 4
Irene Aldana,6.16,38,5.92,63,0.28,50,93,0.1,10, 12
Isaac Vallie-Flagg,5.56,47,5.6,45,0.2,12,58,0.0,12, 11
Islam Makhachev,2.1,56,0.76,72,3.4,68,93,0.8,2, 11
Ismail Naurdiev,3.17,52,1.3,68,1.25,71,70,0.2,0, 1
Israel Adesanya,3.96,48,2.4,65,0.0,0,86,0.3,12, 7
Iuri Alcantara,2.72,45,2.79,49,1.44,62,60,0.8,2, 2
Ivan Jorge,3.41,49,2.91,59,1.56,16,75,0.6,8, 9
Ivan Menjivar,2.78,37,2.76,65,0.56,28,38,1.0,10, 3
Ivan Salaverry,3.01,47,1.19,76,0.49,18,36,2.5,12, 0
Jacare Souza,2.54,46,2.81,62,2.46,38,60,1.4,6, 4
Jack Hermansson,5.13,48,2.56,56,2.23,36,77,0.7,9, 12
Jack Marshman,2.64,28,3.54,57,0.0,0,20,0.0,12, 0
Jacob Volkmann,1.19,34,1.78,52,3.19,48,52,2.0,6, 3
Jairzinho Rozenstruik,3.72,46,3.05,32,0.0,0,75,0.0,12, 7
Jake Collier,4.15,39,3.69,52,0.72,23,67,0.5,10, 8
Jake Ellenberger,2.47,39,2.83,60,2.04,47,86,0.4,5, 12
Jake Matthews,2.98,46,2.16,62,2.2,41,68,0.7,4, 9
Jake O'Brien,1.31,31,1.92,69,6.39,54,25,0.2,7, 0
Jake Rosholt,2.68,53,2.33,49,6.51,68,0,1.8,5, 0
Jake Shields,2.45,36,1.8,56,2.83,29,35,1.2,9, 1
Jalin Turner,5.95,48,3.91,49,0.46,50,76,1.8,10, 12
James Head,2.75,48,3.11,49,0.41,100,66,0.8,0, 0
James Irvin,2.03,48,3.86,35,0.0,0,36,0.5,12, 3
James Krause,4.65,48,4.09,60,1.05,18,50,1.0,10, 9
James Moontasri,2.39,48,3.86,40,0.0,0,79,0.2,12, 7
James Te Huna,4.04,51,2.99,62,2.75,37,58,0.2,8, 8
James Terry,3.23,32,4.77,64,3.31,36,75,0.0,6, 12
James Thompson,5.13,52,3.19,41,3.14,36,53,1.3,4, 1
James Vick,4.13,39,3.31,60,0.26,33,57,0.7,9, 9
James Wilks,1.82,45,2.03,50,1.27,22,66,3.8,7, 4
Jamie Varner,2.92,34,2.55,58,3.49,53,66,0.8,1, 12
Jan Blachowicz,3.45,48,2.77,54,1.16,52,65,0.3,1, 6
Jared Cannonier,3.72,51,2.82,66,0.18,33,51,0.0,8, 7
Jared Gordon,6.26,54,3.9,58,2.98,39,57,0.0,10, 12
Jared Hamman,5.15,42,3.93,55,1.57,46,30,0.0,3, 0
Jared Rosholt,2.08,46,1.52,59,1.83,41,66,0.1,3, 9
Jarred Brooks,2.12,46,1.66,62,4.54,57,69,0.6,0, 12
Jason Black,1.06,47,2.6,45,0.48,33,28,6.2,10, 0
Jason Brilz,2.66,40,1.78,65,2.37,25,25,1.3,9, 0
Jason Day,3.61,54,3.46,47,1.13,100,0,0.0,1, 0
Jason Dent,2.01,39,3.7,62,0.0,0,26,1.4,12, 0
Jason Gonzalez,3.06,39,3.13,58,0.0,0,30,1.0,12, 1
Jason High,1.28,42,1.56,48,2.36,63,37,2.8,7, 0
Jason Knight,2.95,33,3.02,51,1.31,31,47,1.7,7, 4
Jason Lambert,3.21,58,1.84,50,1.35,36,28,2.4,6, 0
Jason MacDonald,1.55,52,2.7,46,1.43,16,35,2.0,11, 1
Jason Miller,1.83,43,2.3,49,1.31,28,43,1.3,9, 3
Jason Saggo,2.5,39,2.94,52,2.33,40,23,0.0,7, 0
Jason Von Flue,1.89,36,3.23,52,0.62,16,58,1.5,11, 5
Jason Young,2.97,37,3.2,50,1.98,66,55,0.0,2, 2
Javier Vazquez,2.43,36,1.99,72,2.56,52,57,1.5,4, 4
Jay Hieron,1.66,32,1.89,61,4.05,60,66,1.0,1, 12
Jeff Curran,1.54,31,2.48,60,0.35,12,35,1.2,11, 1
Jeff Hougland,1.86,48,3.46,47,0.86,18,0,1.1,12, 0
Jeff Monson,0.97,30,2.87,59,1.06,12,66,0.7,8, 5
Jenel Lausa,1.44,42,3.53,53,0.55,66,51,0.8,1, 0
Jennifer Maia,4.05,38,3.78,53,0.25,50,75,0.0,1, 4
Jens Pulver,2.12,37,3.13,56,0.22,33,63,0.3,6, 6
Jeremy Horn,1.19,39,1.99,55,1.83,38,29,1.1,9, 0
Jeremy Kennedy,2.22,46,2.58,47,5.73,52,66,0.0,0, 12
Jeremy Kimball,2.81,46,3.84,49,1.41,20,50,0.0,11, 5
Jeremy Stephens,3.09,40,2.98,58,1.18,38,65,0.4,6, 7
Jerrod Sanders,0.88,64,1.14,46,2.2,33,50,1.6,7, 2
Jess Liaudin,2.46,51,2.76,41,3.28,53,30,1.6,5, 0
Jessamyn Duke,4.83,53,4.43,57,1.27,36,50,1.9,10, 11
Jesse Forbes,2.11,24,4.06,53,1.79,75,66,1.2,1, 1
Jesse Lennox,2.69,32,3.2,64,1.22,66,63,0.3,2, 3
Jesse Taylor,1.94,65,0.55,38,7.28,50,100,3.1,0, 12
Jessica Aguilar,4.93,50,7.19,53,0.94,25,50,0.2,12, 11
Jessica Andrade,6.55,51,5.28,51,3.21,58,76,0.5,10, 12
Jessica Eye,3.79,38,3.39,59,0.46,45,59,0.7,3, 5
Jessica Penne,2.46,33,4.73,48,1.58,25,20,0.6,12, 0
Jessica-Rose Clark,4.53,47,4.73,60,1.0,50,62,0.5,9, 12
Ji Yeon Kim,4.49,33,4.74,59,0.0,0,40,0.0,12, 9
Jim Alers,2.9,40,4.38,56,2.26,41,80,0.3,6, 12
Jim Miller,2.83,40,3.02,59,1.69,41,46,1.9,5, 2
Jimi Manuwa,3.43,54,3.97,49,0.53,18,70,0.4,11, 7
Jimmie Rivera,4.1,40,3.88,61,0.7,23,95,0.0,8, 12
Jimmy Crute,4.08,55,2.23,53,4.63,81,60,2.6,0, 12
Jimy Hettes,3.47,57,3.5,57,5.2,44,61,1.4,0, 12
Jingliang Li,4.51,42,3.69,59,1.32,39,59,0.0,9, 11
JJ Aldrich,3.88,40,4.68,62,0.31,25,53,0.0,10, 9
Joachim Christensen,3.78,41,3.29,46,0.0,0,0,0.0,12, 0
Joachim Hansen,2.01,43,2.04,58,2.21,58,34,1.9,3, 0
Joanna Jedrzejczyk,6.3,48,3.08,64,0.28,62,81,0.1,0, 4
Joanne Calderwood,6.19,47,4.31,53,1.85,56,55,0.5,10, 12
Joaquim Silva,3.92,37,4.43,56,0.24,50,64,0.7,1, 4
Joby Sanchez,3.22,36,2.82,63,0.95,71,51,0.4,1, 1
Jodie Esquibel,4.1,31,7.37,52,0.75,21,83,0.0,12, 9
Joe Doerksen,1.43,42,2.79,50,2.02,33,33,2.3,9, 0
Joe Duffy,2.56,33,3.63,54,0.75,60,64,0.8,3, 4
Joe Lauzon,2.84,39,5.39,54,2.39,45,54,2.0,4, 2
Joe Proctor,3.39,36,3.93,59,0.0,0,70,1.8,12, 7
Joe Riggs,2.41,51,1.69,57,2.45,55,62,0.6,0, 8
Joe Soto,3.36,41,5.37,67,0.85,21,70,1.9,11, 8
Joe Stevenson,2.05,44,2.44,60,2.75,44,39,2.2,6, 1
Joey Beltran,4.92,36,5.27,54,0.48,18,75,0.0,12, 10
Joey Villasenor,2.05,38,3.26,52,0.71,40,53,1.1,6, 4
John Albert,3.05,49,2.82,35,0.0,0,50,6.1,12, 0
John Alessio,2.1,39,2.91,54,1.85,38,70,1.2,4, 10
John Cholish,2.65,49,2.29,73,1.82,31,78,0.4,5, 10
John Dodson,3.3,41,3.59,61,0.76,28,80,0.0,7, 11
John Hathaway,3.4,40,1.8,62,2.61,43,60,0.9,4, 4
John Howard,2.15,50,3.08,51,2.7,49,53,0.4,0, 8
John Lineker,5.36,40,4.27,56,0.56,58,67,0.6,0, 4
John Maguire,1.41,41,2.44,65,2.8,46,77,1.1,3, 12
John Makdessi,5.36,51,3.76,70,0.0,0,88,0.0,12, 11
John Moraga,2.57,43,2.55,56,0.62,23,44,1.1,10, 4
John Phillips,2.64,34,5.01,53,0.0,0,14,0.0,12, 0
John Salter,1.68,32,1.68,68,2.85,46,66,0.5,2, 12
Johnny Bedford,4.53,50,1.75,63,1.83,62,62,0.0,1, 2
Johnny Case,3.95,38,2.66,61,1.7,45,72,0.0,2, 5
Johnny Eduardo,2.89,38,3.34,63,0.0,0,62,0.5,12, 6
Johnny Walker,4.01,70,3.58,30,0.43,100,69,1.3,0, 0
Johny Hendricks,3.49,45,3.99,53,3.83,46,63,0.3,0, 12
Jon Delos Reyes,2.99,38,4.14,51,3.2,83,55,1.9,1, 0
Jon Fitch,2.61,50,1.65,54,3.6,51,56,0.8,0, 10
Jon Jones,4.3,57,2.22,64,1.85,44,95,0.4,7, 12
Jon Madsen,2.46,41,1.18,81,1.32,71,70,0.0,0, 1
Jon Tuck,3.0,40,3.74,60,0.42,33,50,1.0,9, 6
Jonathan Brookins,2.69,39,3.63,56,1.94,17,80,0.3,6, 12
Jonathan Goulet,1.61,41,2.01,46,4.17,70,45,0.6,0, 11
Jonathan Martinez,3.67,47,3.45,59,0.51,28,33,0.0,12, 3
Jonathan Wilson,2.92,48,5.65,56,0.37,100,80,0.0,0, 1
Jordan Johnson,3.45,47,2.64,53,3.25,42,100,1.2,5, 12
Jordan Mein,3.35,44,2.55,69,1.56,58,66,0.2,2, 4
Jordan Rinaldi,1.56,35,2.32,59,1.45,35,20,1.2,9, 0
Jorge Gurgel,3.37,32,3.62,62,0.81,23,60,0.5,9, 8
Jorge Masvidal,4.33,47,2.94,66,1.7,59,78,0.4,0, 5
Jorge Rivera,3.16,48,2.64,54,0.84,50,63,0.1,2, 6
Jorge Santiago,1.69,35,2.62,56,0.58,30,52,0.8,8, 4
Jose Aldo,3.47,44,3.18,65,0.64,65,91,0.1,0, 4
Jose Quinonez,3.41,46,2.58,66,2.58,45,50,0.7,3, 2
Joseph Benavidez,3.53,34,2.55,63,1.5,30,65,0.6,7, 8
Josh Barnett,3.2,50,2.11,57,1.26,55,55,1.4,2, 1
Josh Emmett,3.63,36,3.26,67,1.5,45,50,0.2,3, 3
Josh Grispi,1.44,41,3.71,50,1.97,36,16,2.2,9, 0
Josh Koscheck,1.79,36,2.27,63,2.46,48,64,0.4,5, 5
Josh Neer,3.29,46,3.63,58,1.09,34,46,1.3,9, 6
Josh Samman,2.08,52,2.47,34,1.09,33,33,0.4,11, 3
Josh Thomson,2.59,47,2.12,64,1.92,39,54,1.3,7, 4
Joshua Burkman,2.69,43,3.13,51,2.53,36,72,0.3,5, 11
Joshua Sampo,1.99,36,2.96,55,1.06,33,40,2.1,10, 1
Juan Adams,7.09,55,4.06,34,0.91,66,57,0.0,0, 4
Julia Budd,2.42,74,1.18,47,3.6,57,83,0.0,0, 9
Julian Erosa,4.18,45,5.04,50,0.83,60,58,0.8,1, 3
Juliana Lima,1.94,44,2.11,55,1.72,31,70,0.0,4, 9
Julianna Pena,2.96,51,1.51,47,2.6,52,28,0.9,4, 0
Julie Kedzie,2.9,36,3.18,46,1.14,23,78,0.0,7, 10
Julio Arce,4.25,36,2.87,67,0.58,30,93,0.6,7, 12
Junior Albini,3.98,51,6.08,52,1.54,37,100,0.0,8, 12
Junior Assuncao,3.31,62,2.06,44,2.43,24,66,0.7,1, 8
Junior Dos Santos,4.66,48,3.13,58,0.33,55,81,0.1,0, 4
Jussier Formiga,1.35,39,2.23,64,1.87,35,87,0.6,4, 11
Justin Buchholz,2.35,26,4.14,51,0.0,0,33,0.8,12, 1
Justin Edwards,2.68,42,3.32,51,2.14,26,27,1.0,11, 1
Justin Eilers,2.86,43,5.66,49,0.82,25,50,0.0,12, 6
Justin Gaethje,8.57,55,9.67,54,0.0,0,80,0.0,12, 12
Justin Lawrence,3.84,35,2.83,67,0.72,28,73,0.0,8, 10
Justin Ledet,3.33,39,4.67,49,0.24,50,42,0.2,3, 1
Justin McCully,1.58,37,2.02,46,1.28,44,43,0.0,7, 3
Justin Salas,3.42,43,2.96,68,2.43,20,0,0.0,12, 0
Justin Scoggins,3.56,51,2.16,55,3.42,63,82,0.5,0, 7
Justin Wilcox,3.82,28,2.63,71,1.43,16,100,0.0,7, 12
Justin Willis,3.37,59,2.57,57,0.96,66,36,0.0,2, 0
Justine Kish,4.28,49,3.73,62,1.0,35,55,0.2,9, 9
Jutaro Nakao,0.53,38,1.06,44,0.38,50,56,0.0,6, 4
Kai Kara-France,5.27,38,3.79,67,0.6,25,90,0.0,9, 12
Kailin Curran,3.89,43,4.75,53,2.0,57,61,0.6,2, 3
Kajan Johnson,2.47,42,1.59,64,1.54,37,62,0.2,6, 6
Kalib Starnes,2.71,48,4.43,53,1.46,33,25,0.6,5, 0
Kamal Shalorus,3.06,32,2.99,70,2.07,50,80,0.0,6, 12
Kamaru Usman,4.6,52,2.17,60,3.44,50,100,0.2,6, 12
Karl Roberson,3.16,52,1.8,64,1.07,57,53,0.8,2, 1
Karlos Vemola,1.67,44,2.13,37,1.93,25,31,1.7,10, 1
Karo Parisyan,2.49,41,2.19,58,5.27,59,59,1.0,0, 12
Karolina Kowalkiewicz,5.27,39,5.65,56,0.1,12,75,0.1,12, 10
Katlyn Chookagian,4.11,32,4.49,63,0.0,0,50,0.1,12, 8
Katsuhiko Nagata,1.05,19,1.5,63,0.98,28,28,0.0,10, 1
Katsuhisa Fujii,4.0,50,4.43,64,2.14,25,50,2.1,9, 7
Katsunori Kikuno,2.64,40,2.47,61,1.88,75,76,0.8,0, 1
Katsuyori Shibata,2.06,35,2.4,53,0.49,50,53,0.7,5, 4
Kazuhiro Nakamura,1.56,37,1.83,59,1.73,36,42,0.6,8, 3
Kazuki Tokudome,2.26,41,3.63,53,2.0,38,78,0.0,5, 12
Kazuo Misaki,2.85,40,2.74,63,0.72,38,51,0.6,7, 6
Kazushi Sakuraba,1.26,41,2.03,51,1.26,31,48,1.7,8, 3
Kazuyuki Fujita,1.05,49,1.99,52,2.78,36,85,0.6,3, 11
Kazuyuki Miyata,2.04,52,1.82,63,4.31,46,68,0.0,0, 11
Keita Nakamura,2.23,36,3.2,58,1.65,48,63,0.3,4, 5
Keith Jardine,3.25,36,2.98,59,1.18,45,62,0.7,4, 5
Keith Wisniewski,2.32,52,4.86,42,1.57,40,78,0.3,1, 7
Kelvin Gastelum,3.75,43,3.01,59,0.8,35,62,0.1,8, 8
Ken Shamrock,1.47,46,4.3,39,0.94,60,44,2.5,3, 0
Ken Stone,3.85,49,2.9,48,1.24,33,60,0.6,8, 8
Kenan Song,4.3,45,4.2,56,0.0,0,45,0.0,12, 6
Kendall Grove,2.31,41,2.4,54,0.49,45,56,1.7,6, 5
Kenji Osawa,2.34,35,2.14,63,0.91,58,68,0.7,4, 5
Kenny Florian,2.41,40,1.85,63,2.22,33,60,1.3,6, 4
Kenny Robertson,3.72,47,3.02,52,1.37,26,57,0.8,9, 7
Ketlen Vieira,2.74,35,3.82,57,2.03,57,92,0.8,6, 12
Kevin Aguilar,3.73,36,4.44,52,0.24,50,86,0.0,8, 12
Kevin Burns,2.74,38,4.3,52,0.28,50,47,0.8,3, 2
Kevin Casey,2.27,53,3.76,46,0.79,22,27,0.4,12, 2
Kevin Ferguson,2.3,50,3.41,38,3.1,72,36,1.2,3, 0
Kevin Holland,4.16,54,2.58,55,1.27,43,48,1.1,3, 1
Kevin Lee,3.9,42,3.23,51,3.21,43,75,0.8,6, 12
Kevin Randleman,1.26,54,1.12,57,2.0,56,30,0.8,7, 0
Kevin Souza,4.65,44,2.91,58,0.0,0,50,0.0,12, 6
Khabib Nurmagomedov,4.11,49,1.65,67,5.35,47,84,0.7,0, 12
Khalil Rountree Jr.,3.01,40,2.85,47,0.0,0,46,0.2,12, 4
Kiichi Kunimoto,1.87,44,3.92,41,1.59,20,28,0.3,12, 2
Kimo Leopoldo,0.76,83,2.12,30,4.55,100,0,2.3,5, 0
Kiyoshi Tamura,2.44,53,1.44,60,0.58,60,45,0.2,2, 0
KJ Noons,3.68,35,3.78,65,0.08,20,68,0.0,10, 8
Krzysztof Jotko,2.84,44,1.81,58,1.39,40,85,0.1,5, 10
Krzysztof Soszynski,3.37,39,3.13,58,0.52,25,71,1.0,8, 9
Kuniyoshi Hironaka,1.98,40,3.01,54,1.91,30,25,0.6,10, 1
Kurt Holobaugh,4.51,42,4.28,46,0.97,36,45,0.7,9, 8
Kurt Pellegrino,2.45,43,1.94,63,2.9,54,69,0.8,2, 12
Kyle Bochniak,2.63,31,5.11,58,1.14,15,62,0.0,12, 7
Kyle Bradley,1.99,40,3.45,58,0.65,50,40,0.0,3, 1
Kyle Kingsbury,2.97,40,3.81,51,2.64,41,52,0.0,4, 2
Kyle Noke,3.23,50,2.09,64,1.53,54,66,0.8,1, 7
Kyoji Horiguchi,3.6,45,2.45,62,2.0,44,55,0.0,3, 3
Kyung Ho Kang,2.52,44,2.43,58,2.53,59,71,1.1,0, 8
Lance Benoist,3.68,51,2.7,56,1.5,33,61,0.0,8, 8
Lando Vannata,4.72,44,4.73,56,1.15,36,64,0.4,10, 11
Lauren Mueller,4.08,41,3.77,58,0.7,50,71,0.0,1, 5
Lauren Murphy,3.76,38,4.02,61,1.03,32,66,0.0,9, 10
Lavar Johnson,5.39,55,2.54,55,0.61,66,54,0.6,0, 2
LC Davis,2.04,30,2.1,59,2.27,46,66,0.2,5, 5
Leandro Issa,2.08,37,3.17,58,2.38,22,50,1.2,8, 4
Leandro Silva,2.39,48,2.08,63,1.76,37,65,0.4,4, 8
Leon Edwards,2.53,47,2.05,55,1.39,31,70,0.4,5, 9
Leonard Garcia,2.77,24,4.79,52,0.3,26,42,0.5,12, 3
Leonardo Mafra,4.55,48,4.38,43,2.12,83,69,0.4,0, 2
Leonardo Santos,2.4,41,2.58,61,1.1,25,86,0.4,6, 11
Leslie Smith,7.56,40,8.41,51,0.0,0,62,0.0,12, 11
Lina Lansberg,2.76,57,3.7,44,0.71,33,50,0.1,11, 5
Lipeng Zhang,1.28,48,1.88,53,1.75,30,69,0.8,3, 9
Liu Pingyuan,2.36,33,2.99,54,0.25,20,56,1.0,12, 4
Liz Carmouche,2.78,54,2.51,61,2.57,51,65,0.3,0, 8
Logan Clark,2.2,54,1.49,53,0.31,100,30,2.1,0, 0
Lorenz Larkin,3.53,46,2.74,63,0.27,42,79,0.1,7, 10
Louis Gaudinot,2.34,37,6.42,48,0.57,40,31,1.1,4, 0
Louis Smolka,4.22,46,3.47,53,1.65,34,30,2.1,4, 0
Luan Chagas,4.16,47,3.19,62,0.32,12,85,0.3,11, 8
Lucas Martins,2.87,35,4.14,60,0.0,0,76,0.5,12, 7
Lucie Pudilova,4.15,36,4.09,52,0.16,12,61,0.6,12, 8
Luigi Fioravanti,2.23,42,2.21,69,3.76,63,67,0.9,0, 12
Luis Henrique,1.81,43,2.22,47,3.09,36,50,1.0,6, 2
Luis Pena,3.32,46,2.47,51,1.0,29,45,1.0,9, 5
Luiz Azeredo,2.16,39,2.76,57,1.07,50,45,0.3,5, 3
Luiz Cane,4.79,41,5.0,60,0.56,28,100,0.3,8, 12
Luiz Firmino,1.23,50,1.22,51,3.86,45,20,0.9,7, 0
Luke Barnatt,4.43,36,3.87,59,0.63,42,63,0.4,9, 11
Luke Cummo,1.74,43,1.5,59,0.89,55,42,1.4,6, 3
Luke Jumeau,2.93,43,3.17,58,0.25,100,86,0.0,0, 1
Luke Rockhold,4.18,48,2.43,56,0.67,30,68,1.1,8, 9
Luke Sanders,6.0,51,4.05,54,0.37,25,70,0.4,11, 12
Luke Stewart,3.75,56,2.34,53,3.75,33,50,1.9,0, 9
Lumumba Sayers,2.54,41,2.37,48,7.63,75,0,2.5,5, 0
Lyle Beerbohm,1.98,55,1.61,54,2.1,23,64,0.3,3, 9
Lyman Good,5.32,49,3.46,67,0.38,100,75,0.0,0, 2
Lyoto Machida,2.59,53,1.57,61,1.21,65,75,0.4,0, 7
Mac Danzig,3.39,48,3.44,57,1.2,37,46,0.6,9, 6
Mackens Semerzier,2.91,45,3.48,46,2.14,50,50,2.1,3, 1
Mackenzie Dern,3.24,32,4.07,64,0.46,8,0,0.9,12, 0
Macy Chiasson,4.4,53,2.22,44,0.97,16,70,0.7,9, 8
Magnus Cedenblad,2.38,51,3.02,40,2.87,64,66,1.0,0, 8
Magomed Ankalaev,3.46,56,1.24,67,0.68,33,85,0.0,5, 9
Magomed Mustafaev,2.59,58,2.68,41,3.31,50,23,0.4,5, 0
Mairbek Taisumov,2.98,39,3.03,64,1.34,63,88,0.0,0, 5
Makoto Takimoto,1.37,39,1.71,55,1.48,50,25,1.1,8, 0
Makwan Amirkhani,1.6,47,2.77,50,3.39,34,57,1.5,0, 9
Manny Bermudez,2.92,61,2.68,46,3.06,54,0,3.1,6, 0
Manny Tapia,2.69,21,4.74,58,0.49,40,66,0.2,5, 5
Manvel Gamburyan,2.13,41,2.83,55,3.26,34,69,0.7,3, 12
Mara Romero Borella,2.61,36,2.6,71,1.51,42,66,0.2,5, 6
Marc Diakiese,2.86,37,2.41,58,2.5,40,64,0.0,4, 5
Marc-Andre Barriault,3.53,43,4.2,58,0.33,16,68,0.0,12, 7
Marcelo Golm,4.27,58,4.3,45,0.45,50,87,0.5,0, 5
Marcelo Guimaraes,4.67,51,4.41,62,1.99,13,0,0.0,12, 0
Marcin Held,1.41,34,2.02,47,2.46,46,37,1.3,8, 1
Marcin Tybura,3.52,50,3.02,54,1.54,50,82,0.1,0, 6
Marcio Cruz,2.92,46,1.51,68,0.53,7,37,1.6,12, 2
Marco Beltran,2.07,37,1.93,63,0.7,50,46,0.2,6, 4
Marcos Rogerio de Lima,3.78,54,2.63,54,0.76,60,36,0.8,2, 0
Marcus Aurelio,1.42,33,2.27,59,1.69,27,27,1.3,10, 0
Marcus Brimage,3.97,35,3.64,56,0.56,100,80,0.0,0, 1
Marcus Davis,2.72,39,2.79,65,1.6,48,47,1.4,5, 3
Marcus Hicks,1.42,43,3.06,61,2.7,53,25,4.0,7, 0
Marina Rodriguez,5.6,50,3.57,53,0.48,33,70,0.2,10, 12
Mario Miranda,1.96,54,2.46,36,1.02,60,54,0.0,2, 0
Mario Sperry,2.81,52,1.53,47,2.09,42,71,1.4,1, 8
Marion Reneau,3.46,41,2.93,65,0.35,100,51,1.1,0, 0
Marius Zaromskis,5.02,34,5.93,50,0.73,42,73,0.0,10, 12
Mark Bocek,2.34,43,2.32,60,3.65,36,31,1.3,7, 0
Mark Coleman,1.88,52,2.62,40,3.89,40,50,0.8,0, 9
Mark De La Rosa,3.28,36,4.26,53,0.66,15,42,0.2,12, 4
Mark Eddiva,3.37,45,2.98,54,1.45,22,63,0.0,9, 7
Mark Godbeer,3.97,53,3.3,54,0.0,0,28,0.0,12, 3
Mark Hominick,4.08,42,4.18,69,0.25,66,71,0.9,0, 3
Mark Hunt,2.81,43,2.9,51,0.51,55,64,0.2,2, 6
Mark Munoz,3.12,51,2.26,57,3.17,29,57,0.6,0, 9
Mark Weir,1.54,56,2.5,38,0.8,50,25,2.4,6, 0
Markus Perez,2.75,48,3.96,52,1.08,26,80,1.1,7, 10
Marloes Coenen,2.15,51,1.9,67,0.82,30,41,2.5,8, 3
Marlon Moraes,3.53,39,3.69,58,0.46,25,66,0.5,9, 8
Marlon Vera,3.43,47,3.82,53,0.76,38,68,1.4,8, 9
Martin Bravo,7.66,39,5.72,51,2.6,35,85,0.0,12, 12
Martin Kampmann,3.22,42,3.28,62,1.86,41,78,2.0,6, 11
Marvin Eastman,2.21,35,3.92,42,1.38,33,81,0.0,6, 12
Marvin Vettori,4.05,41,2.85,66,1.43,45,80,0.6,8, 12
Maryna Moroz,4.09,31,4.15,53,0.56,18,47,0.4,12, 5
Masaaki Satake,1.4,35,3.76,41,0.0,0,58,0.0,12, 5
Masakazu Imanari,0.55,30,1.74,57,0.0,0,0,2.1,12, 0
Masanori Kanehara,1.88,49,1.63,62,1.44,50,63,0.9,2, 9
Matheus Nicolau,3.83,51,2.43,70,1.9,66,100,1.6,0, 5
Matt Brown,3.75,54,2.58,56,1.64,47,63,1.6,0, 7
Matt Dwyer,2.57,34,3.24,54,0.44,10,60,0.0,12, 5
Matt Frevola,3.19,39,3.47,60,3.3,40,75,1.4,4, 12
Matt Grice,4.09,53,2.69,56,2.19,37,82,0.5,7, 12
Matt Hamill,3.69,42,3.8,61,3.0,34,91,0.0,6, 12
Matt Hughes,2.14,53,1.36,53,2.95,50,35,1.2,6, 0
Matt Lindland,2.62,50,1.56,52,3.01,48,60,1.3,0, 9
Matt Mitrione,3.55,50,2.79,64,0.0,0,55,0.7,12, 5
Matt Ricehouse,3.7,44,4.8,47,1.0,22,81,0.0,12, 8
Matt Schnell,3.73,35,4.07,60,0.64,33,53,1.6,9, 8
Matt Serra,1.98,39,2.64,46,2.05,20,38,0.9,10, 2
Matt Wiman,3.18,50,3.57,51,2.14,37,56,1.5,8, 7
Matthew Lopez,3.13,50,3.73,55,3.32,60,71,1.3,0, 7
Matthew Riddle,3.01,42,2.74,54,3.51,50,89,0.5,4, 12
Maurice Greene,4.19,44,3.43,54,0.0,0,33,0.5,12, 3
Mauricio Rua,3.63,50,2.68,55,2.17,48,47,0.8,3, 1
Max Griffin,3.87,49,3.93,55,1.9,55,66,0.5,0, 6
Max Holloway,6.66,44,4.45,62,0.24,83,85,0.4,0, 4
Maximo Blanco,4.11,44,3.19,66,1.85,36,63,0.3,8, 10
Maycee Barber,6.02,60,3.15,49,0.95,30,80,0.3,10, 12
Megan Anderson,1.82,46,2.94,38,0.56,33,53,0.6,10, 5
Melvin Guillard,2.96,40,1.85,66,1.3,63,61,0.2,2, 3
Melvin Manhoef,3.52,48,2.64,51,0.33,25,78,0.0,8, 9
Merab Dvalishvili,3.84,37,2.36,57,7.8,45,80,0.0,0, 12
Micah Miller,1.33,33,2.15,54,0.98,37,21,2.0,10, 0
Michael Bisping,4.33,38,2.71,65,1.05,43,63,0.3,8, 10
Michael Chiesa,2.07,39,1.95,52,3.84,51,68,1.1,1, 12
Michael Johnson,4.22,37,3.92,58,0.52,45,78,0.1,8, 12
Michael Kuiper,3.28,54,3.62,54,2.3,55,79,0.0,0, 6
Michael McDonald,2.69,42,2.76,57,1.09,66,52,1.4,2, 1
Michal Oleksiejczuk,4.83,56,2.91,69,1.05,66,35,0.0,2, 0
Michel Prazeres,2.44,47,2.49,58,4.11,36,50,0.6,0, 10
Michelle Waterson,3.35,53,3.88,48,1.88,50,57,1.2,0, 7
Michihiro Omigawa,2.01,39,3.06,64,1.19,36,49,1.5,7, 4
Michinori Tanaka,1.97,37,1.99,50,2.4,38,43,0.2,7, 3
Mickey Gall,2.22,43,3.22,43,1.5,38,44,2.7,6, 2
Miesha Tate,1.93,41,2.71,50,2.06,31,52,1.6,7, 3
Miguel Torres,3.98,43,1.86,74,0.0,0,17,1.6,12, 0
Mike Brown,2.98,44,2.45,60,3.23,40,66,0.6,2, 12
Mike Budnik,0.65,52,0.95,53,0.0,0,0,3.4,12, 0
Mike de la Torre,3.21,39,4.75,51,0.36,16,83,0.0,12, 8
Mike Easton,3.51,37,4.28,61,0.75,22,66,0.0,10, 8
Mike Guymon,2.75,65,0.79,66,1.87,37,54,1.2,1, 8
Mike Kyle,4.5,51,2.76,54,1.55,62,50,0.9,2, 1
Mike Massenzio,2.08,45,3.59,54,2.74,24,50,1.4,7, 3
Mike Perry,4.27,47,4.5,57,0.61,41,70,0.0,9, 12
Mike Pierce,2.62,42,2.36,62,3.08,42,71,0.2,3, 12
Mike Pyle,2.74,45,2.84,60,1.8,35,70,1.5,5, 9
Mike Rio,1.68,39,2.99,53,2.58,27,0,1.0,10, 0
Mike Rodriguez,4.3,52,3.42,45,0.0,0,38,0.0,12, 4
Mike Russow,1.55,47,2.9,59,4.66,43,0,0.7,7, 0
Mike Swick,2.36,37,2.29,54,1.06,50,61,0.6,4, 5
Mike van Arsdale,1.52,41,1.91,41,1.06,14,37,0.0,11, 3
Mike Whitehead,1.62,33,2.36,59,3.59,43,77,0.3,3, 12
Mike Wilkinson,2.35,38,3.7,35,0.92,14,55,0.9,12, 5
Milton Vieira,1.13,35,2.36,48,2.67,53,12,0.7,8, 0
Minotauro Nogueira,1.95,42,2.4,55,1.3,29,36,2.4,10, 1
Mirko Cro Cop,2.11,50,1.89,63,0.19,40,78,0.3,5, 9
Mirsad Bektic,2.59,41,1.89,58,3.32,47,92,0.5,4, 12
Misha Cirkunov,4.18,52,2.89,62,4.42,57,71,2.4,0, 12
Mitch Clarke,2.35,34,3.27,47,0.64,15,50,0.4,12, 4
Mitch Gagnon,2.76,46,2.21,61,1.16,25,65,1.9,8, 7
Mitsuhiro Ishida,1.46,41,1.13,61,4.76,53,33,0.7,7, 0
Mizuto Hirota,3.36,40,3.5,54,1.36,50,58,0.1,3, 3
Molly McCann,6.49,49,4.95,68,2.59,33,40,0.9,11, 12
Montana De La Rosa,2.3,33,2.8,49,2.22,33,50,1.9,6, 3
Montel Jackson,4.16,55,1.51,58,4.84,79,70,0.2,0, 12
Mu Bae Choi,1.55,49,3.65,44,3.12,75,60,1.0,1, 0
Muhammed Lawal,3.79,52,1.61,66,5.96,75,87,0.0,0, 12
Murilo Bustamante,1.33,32,1.9,60,2.46,33,54,1.2,6, 4
Murilo Rua,2.48,45,1.85,53,1.97,45,37,1.2,6, 2
Muslim Salikhov,2.92,46,1.97,68,1.22,42,72,0.0,5, 9
Myles Jury,2.94,42,2.16,66,2.16,55,50,0.3,3, 3
Nah-Shon Burrell,4.83,47,3.45,56,0.0,0,52,0.3,11, 8
Nam Phan,4.52,37,6.55,59,0.18,18,60,0.2,12, 10
Naoya Ogawa,2.41,42,1.66,47,1.25,100,66,1.2,0, 0
Naoyuki Kotani,1.02,31,2.89,50,0.83,16,46,0.8,10, 3
Nasrat Haqparast,5.25,47,3.38,74,0.29,25,78,0.0,10, 12
Nate Diaz,4.62,45,3.78,53,1.19,30,42,1.4,9, 7
Nate Marquardt,2.71,49,2.32,55,1.87,51,70,0.8,1, 7
Nate Mohr,3.79,41,2.5,74,0.45,50,71,0.0,1, 4
Nate Moore,2.21,25,2.87,42,1.23,16,25,0.0,11, 1
Nate Quarry,4.96,44,2.8,66,0.25,33,60,0.0,9, 10
Nathan Coy,3.88,52,2.4,61,3.17,47,50,0.0,0, 8
Nathaniel Wood,4.3,43,3.16,55,1.9,71,80,1.5,0, 4
Neil Magny,3.93,46,2.15,57,2.7,47,59,0.3,0, 7
Neil Seery,3.56,41,3.79,58,0.78,27,53,1.6,9, 7
Nick Catone,2.11,44,2.32,63,3.71,44,83,0.5,3, 12
Nick Diaz,5.43,42,3.56,61,1.32,33,60,1.0,10, 12
Nick Hein,2.65,35,3.61,59,0.86,33,83,0.0,7, 11
Nick Osipczak,2.83,50,3.77,50,1.2,45,71,1.0,2, 7
Nick Pace,1.48,34,3.14,57,2.52,43,54,0.5,6, 4
Nick Ring,3.52,42,3.48,62,1.36,36,52,0.3,8, 7
Nick Thompson,1.87,42,1.8,49,1.06,100,35,2.6,0, 0
Nico Musoke,3.56,35,3.8,57,1.16,19,82,0.2,7, 12
Nicolas Dalby,3.03,38,2.91,56,1.8,45,58,0.0,4, 4
Nik Lentz,3.46,48,3.14,49,3.41,33,45,1.2,5, 1
Nikita Krylov,4.54,59,2.45,41,1.4,38,52,1.6,9, 7
Niko Price,3.06,34,4.46,51,1.08,23,61,1.3,10, 7
Nina Ansaroff,4.81,47,3.55,54,0.29,40,77,0.6,9, 12
Ning Guangyou,2.66,41,1.91,61,1.09,50,62,0.3,4, 6
Noad Lahat,2.79,46,1.47,63,2.37,26,16,2.4,9, 0
Nordine Taleb,3.66,51,2.62,66,1.94,76,73,0.0,0, 2
Norifumi Yamamoto,2.09,45,2.01,57,0.41,22,45,0.0,10, 4
Norman Parke,3.06,35,2.88,64,1.98,26,77,0.0,6, 11
Olaf Alfonso,1.65,38,4.77,53,0.37,7,22,0.7,12, 0
Olivier Aubin-Mercier,2.48,51,2.97,55,2.36,33,70,0.5,4, 9
Oluwale Bamgbose,2.45,48,2.7,55,0.94,33,37,0.0,10, 4
Omari Akhmedov,2.99,34,2.77,58,2.4,50,62,0.2,4, 4
Oskar Piechota,3.19,55,3.04,54,0.76,50,41,1.9,3, 0
Ovince Saint Preux,2.59,46,2.86,44,1.34,40,65,0.6,3, 7
Pablo Garza,3.37,44,2.7,50,0.94,25,15,1.3,12, 0
Paddy Holohan,2.13,46,2.81,46,2.88,47,71,1.3,1, 9
Paige VanZant,3.4,52,2.63,43,1.31,33,35,1.0,4, 0
Pannie Kianzad,4.03,41,3.71,58,0.4,20,100,0.4,7, 12
Papy Abedi,2.8,55,3.15,48,3.47,57,50,1.3,0, 9
Pascal Krauss,5.45,47,3.88,59,1.53,50,60,0.9,10, 12
Pat Barry,2.72,52,3.54,59,0.0,0,76,0.2,12, 7
Pat Healy,2.57,36,2.57,50,3.08,37,55,1.1,5, 3
Pat Miletich,1.79,45,1.66,63,1.96,100,54,1.0,0, 0
Patrick Cote,2.81,48,3.21,48,0.68,20,43,0.2,12, 4
Patrick Cummins,4.26,50,3.35,55,4.49,41,28,0.1,4, 0
Patrick Williams,4.12,51,4.12,52,2.71,41,100,0.5,7, 12
Paul Bradley,2.26,32,4.13,56,1.12,16,100,0.0,6, 12
Paul Buentello,3.29,45,3.83,52,0.19,33,39,0.4,12, 4
Paul Craig,2.33,48,2.49,49,1.65,21,57,1.5,10, 5
Paul Daley,3.14,47,2.37,60,0.91,40,64,0.0,6, 8
Paul Felder,3.67,43,3.4,49,0.25,25,61,0.2,10, 7
Paul Kelly,3.22,37,2.61,59,1.34,60,30,1.5,3, 0
Paul Sass,0.53,26,1.9,51,0.53,16,33,7.4,11, 0
Paul Taylor,4.44,47,4.47,55,0.27,25,56,0.5,10, 9
Paulo Costa,8.43,57,6.84,53,0.0,0,80,0.0,12, 12
Paulo Filho,1.86,48,1.67,66,2.4,32,42,1.6,7, 2
Paulo Thiago,1.71,39,1.99,63,1.42,31,63,1.2,6, 5
Pawel Nastula,1.3,43,1.73,50,3.0,60,0,1.5,8, 0
Pedro Munhoz,5.29,42,6.17,57,0.92,21,81,1.1,12, 12
Pedro Rizzo,1.93,34,3.02,50,0.26,28,78,0.0,6, 9
Pete Sell,2.6,42,3.65,51,0.91,21,47,0.9,12, 4
Pete Spratt,1.63,48,1.33,55,0.3,100,46,0.3,0, 0
Pete Williams,0.61,62,2.77,40,1.84,40,16,0.9,7, 0
Peter Sobotta,2.17,39,2.89,59,1.76,35,77,0.6,5, 11
Petr Yan,5.65,46,3.15,67,1.73,53,87,0.2,0, 5
Phil Baroni,2.77,45,3.93,40,1.46,47,60,0.5,2, 7
Phil Davis,2.85,34,1.33,72,2.99,38,72,0.6,3, 12
Phil Harris,2.34,26,3.16,68,1.76,21,60,0.0,7, 5
Philip De Fries,2.3,47,3.0,37,3.29,42,100,0.6,5, 12
Phillipe Nover,1.79,35,2.48,56,0.99,28,44,0.7,9, 3
Piotr Hallmann,3.98,45,3.17,58,2.55,44,70,0.4,1, 6
Poliana Botelho,3.65,58,2.77,55,1.27,100,88,0.0,0, 1
Polo Reyes,6.0,37,5.52,59,0.0,0,46,0.0,12, 11
Polyana Viana,3.89,41,3.26,54,1.29,37,50,1.3,8, 7
Priscila Cachoeira,3.84,37,7.93,42,0.0,0,69,0.0,12, 9
Quinn Mulhern,1.48,28,2.09,51,1.36,20,33,0.0,10, 2
Rafael Dos Anjos,3.47,45,3.18,62,1.82,39,58,0.6,7, 7
Rafael Feijao,2.71,53,3.62,49,0.6,40,63,0.1,8, 8
Rafael Natal,3.1,47,2.48,57,2.55,34,77,0.5,5, 11
Rafaello Oliveira,2.19,33,3.38,59,2.49,36,11,1.6,9, 0
Ramazan Emeev,2.38,43,1.73,70,1.5,22,80,0.2,5, 10
Rameau Thierry Sokoudjou,2.26,45,2.61,56,1.93,47,78,0.9,4, 10
Rampage Jackson,3.25,54,2.51,55,1.52,56,73,0.1,0, 6
Ramsey Nijem,3.05,44,1.62,62,5.32,62,55,1.1,0, 12
Randa Markos,2.96,41,3.31,60,1.35,28,58,0.2,8, 7
Randy Brown,3.41,47,2.42,55,0.95,46,71,0.6,3, 7
Randy Couture,2.85,57,1.53,59,2.78,46,58,0.5,0, 9
Rani Yahya,1.59,36,1.74,50,2.86,32,24,2.0,9, 0
Raoni Barcelos,4.79,50,4.46,64,2.31,58,83,0.7,0, 5
Raphael Assuncao,3.32,41,2.35,68,1.54,38,80,0.3,6, 10
Raquel Pennington,3.32,46,3.21,63,1.13,27,67,0.8,8, 8
Rashad Coulter,4.82,56,6.68,50,0.0,0,62,0.0,12, 10
Rashad Evans,2.14,37,2.42,63,2.98,44,73,0.0,3, 12
Rashid Magomedov,4.4,49,3.05,54,0.67,57,89,0.2,0, 5
Ray Borg,1.36,52,1.68,46,4.26,51,50,1.1,0, 10
Renan Barao,3.78,36,3.9,57,1.49,41,91,0.5,7, 12
Renato Moicano,5.49,46,3.67,66,1.34,58,76,0.6,0, 4
Renato Sobral,2.23,45,1.53,57,2.48,42,65,2.6,2, 10
Renato Verissimo,0.92,48,1.87,47,1.46,30,50,2.5,8, 2
Renee Forte,2.08,32,2.12,63,2.32,58,66,0.0,4, 5
Renzo Gracie,1.71,41,1.67,55,1.13,20,40,0.8,10, 3
Reuben Duran,3.19,49,2.61,50,0.98,23,25,0.7,12, 2
Reza Madadi,2.51,46,3.31,66,3.17,33,89,0.5,5, 12
Ricardo Almeida,2.02,49,1.2,61,3.74,38,31,1.2,7, 0
Ricardo Arona,1.66,48,1.15,57,2.41,48,58,1.2,1, 9
Ricardo Funch,2.61,65,3.57,40,1.24,18,60,0.0,11, 6
Ricardo Lamas,2.88,45,2.66,59,1.63,32,47,1.0,8, 5
Ricardo Ramos,3.05,39,3.16,59,2.13,64,75,0.7,2, 4
Ricco Rodriguez,1.85,51,1.15,61,2.3,39,40,1.0,7, 2
Rich Attonito,2.28,47,2.13,59,0.74,37,75,0.0,5, 9
Rich Clementi,1.43,37,2.29,60,1.72,42,25,1.1,9, 0
Rich Franklin,4.1,44,2.07,62,1.31,66,63,0.7,1, 2
Richard Crunkilton,1.97,41,1.66,58,4.68,61,65,1.5,0, 12
Richard Walsh,3.84,46,2.72,58,1.55,40,66,0.2,7, 9
Richie Vaculik,3.69,46,4.09,57,3.0,45,31,1.0,4, 0
Rick Glenn,4.31,42,4.29,53,0.67,13,66,0.3,11, 8
Rick Story,3.8,41,2.17,62,2.53,48,63,0.9,3, 4
Ricky Simon,2.96,40,3.79,65,6.53,49,71,0.2,0, 12
Riki Fukuda,4.24,43,3.71,64,2.17,43,70,0.0,8, 11
Roan Carneiro,1.46,46,1.82,62,3.05,42,83,1.4,3, 11
Rob Emerson,2.5,30,2.83,64,2.02,52,65,0.4,4, 5
Rob Font,5.11,41,3.89,63,1.25,36,50,0.8,10, 11
Rob Kimmons,1.86,48,4.79,38,2.08,46,25,2.4,5, 0
Rob McCullough,2.47,36,2.84,59,0.46,100,68,0.0,0, 0
Rob Whiteford,2.33,46,1.99,62,1.9,30,45,0.0,8, 4
Robbie Lawler,3.57,45,4.16,60,0.71,66,65,0.0,0, 3
Robert Peralta,3.76,44,2.97,53,0.59,66,65,0.0,0, 2
Robert Whittaker,4.77,39,3.7,61,0.36,57,84,0.0,0, 4
Rodrigo Damm,3.5,36,5.61,57,0.44,16,80,0.3,12, 8
Rodrigo Gracie,1.34,51,0.86,46,1.49,50,75,0.4,2, 9
Roger Bowling,3.9,47,3.86,51,3.09,43,27,0.9,4, 0
Roger Gracie,1.78,35,1.79,61,1.87,53,60,1.9,5, 4
Roger Huerta,3.64,36,2.33,56,2.13,46,52,0.5,4, 3
Rogerio Nogueira,2.39,34,2.27,60,0.67,44,62,0.8,5, 5
Roland Delorme,2.28,44,4.32,40,2.51,34,42,1.6,5, 1
Rolando Dy,3.04,37,4.47,52,0.3,20,68,0.0,12, 7
Roman Zentsov,1.18,36,0.53,70,1.6,100,33,3.2,0, 0
Ron Stallings,3.22,60,3.26,51,0.0,0,71,0.0,12, 6
Ron Waterman,0.84,50,1.37,42,4.19,69,50,2.8,0, 10
Ronda Rousey,4.17,52,4.14,44,6.26,68,50,4.8,0, 12
Ronny Markes,2.17,53,2.43,45,3.13,40,100,0.5,4, 12
Rony Jason,2.04,44,3.14,53,0.59,30,36,0.8,11, 3
Roosevelt Roberts,2.87,46,2.35,50,1.84,63,58,0.5,2, 1
Rory MacDonald,3.75,42,2.8,62,1.77,47,88,0.4,7, 12
Rory Singer,2.55,39,2.42,63,0.39,25,64,0.8,7, 7
Rose Namajunas,3.95,42,3.88,59,2.17,55,46,0.9,3, 1
Ross Pearson,3.68,40,4.09,62,0.74,35,75,0.0,8, 11
Rousimar Palhares,1.75,51,2.04,59,3.93,45,0,4.1,7, 0
Roxanne Modafferi,3.06,31,4.8,54,1.45,21,41,0.1,12, 4
Roy Nelson,2.18,36,4.79,46,1.14,27,65,0.1,12, 6
Royce Gracie,0.88,41,1.13,37,0.0,0,66,0.8,12, 4
Russell Doane,1.75,40,1.68,53,2.11,45,52,0.8,6, 3
Rustam Khabilov,1.98,34,2.16,65,3.95,41,61,0.1,1, 12
Ryan Bader,2.82,43,1.39,71,3.37,44,80,0.4,3, 12
Ryan Benoit,2.8,40,3.18,60,0.2,16,64,0.2,12, 6
Ryan Couture,3.54,45,2.87,54,1.55,29,46,1.3,9, 6
Ryan Gracie,0.82,61,0.5,40,2.83,75,25,0.9,2, 0
Ryan Hall,2.32,43,0.96,75,0.31,16,0,0.9,12, 0
Ryan Janes,7.69,48,5.53,59,0.35,100,58,0.0,0, 2
Ryan Jensen,2.84,39,2.99,59,1.55,50,31,1.9,3, 0
Ryan Jimmo,3.12,66,2.77,46,0.45,28,87,0.0,5, 9
Ryan LaFlare,2.89,40,1.86,63,2.13,44,58,0.2,5, 5
Ryo Chonan,2.57,43,2.25,60,0.61,41,39,0.3,8, 4
Sabah Homasi,4.98,48,6.91,47,2.8,50,66,0.0,10, 12
Sage Northcutt,3.58,52,1.96,58,1.81,34,41,0.6,9, 5
Sam Alvey,3.05,44,3.2,55,0.09,16,82,0.1,12, 7
Sam Hoger,1.07,25,2.25,57,1.12,38,29,1.3,10, 0
Sam Sicilia,2.46,33,3.55,59,1.45,43,70,0.9,4, 5
Sam Stout,4.17,28,4.08,57,0.63,38,77,0.1,8, 12
Sammy Morgan,1.05,22,3.74,40,1.43,20,0,0.5,11, 0
Sanae Kikuta,0.7,45,0.9,52,1.6,63,25,1.8,8, 0
Santiago Ponzinibbio,4.27,39,4.02,64,0.54,44,60,0.0,9, 11
Saparbeg Safarov,4.03,48,2.96,47,2.52,41,33,0.0,4, 0
Sara McMann,2.39,46,1.86,47,4.51,63,66,0.6,0, 12
Sarah Kaufman,6.65,46,4.0,62,0.38,57,81,0.0,10, 12
Sarah Moras,2.04,41,3.17,44,0.91,23,37,1.1,11, 2
Satoshi Ishii,1.41,36,1.58,63,3.47,52,100,1.6,3, 12
Scott Askham,3.03,46,3.52,52,0.44,18,65,0.7,12, 6
Scott Holtzman,4.52,49,3.33,55,2.23,60,65,0.2,0, 6
Scott Jorgensen,3.37,40,3.41,65,2.61,45,59,0.7,3, 3
Scott Smith,1.86,27,5.94,50,0.13,6,58,0.4,12, 7
Sean O'Connell,5.46,48,6.77,45,0.0,0,30,0.5,12, 10
Sean Pierson,3.84,39,3.73,64,0.39,18,66,0.4,10, 8
Sean Sherk,2.17,35,2.71,55,4.09,46,56,0.4,1, 12
Sean Spencer,4.24,32,4.02,60,0.14,33,68,0.0,9, 10
Sean Strickland,4.34,35,3.62,64,1.37,57,81,0.5,0, 4
Seichi Ikemoto,2.59,32,3.74,57,1.23,26,60,0.0,7, 6
Semmy Schilt,1.2,50,1.31,53,0.0,0,47,1.1,12, 3
Seohee Ham,4.2,39,5.15,61,0.0,0,66,0.2,12, 9
Sergei Kharitonov,3.9,44,3.03,54,1.16,53,70,1.0,1, 5
Serghei Spivac,2.08,39,3.37,55,3.74,66,75,0.6,1, 12
Sergio Moraes,2.42,42,3.73,59,1.2,38,75,0.4,6, 10
Sergio Pettis,3.88,37,2.91,65,0.85,40,67,0.4,8, 10
Seth Baczynski,3.08,31,3.14,51,0.89,16,48,0.8,12, 4
Seth Petruzelli,2.17,41,2.08,55,0.46,50,47,2.3,6, 3
Shamar Bailey,1.56,20,3.91,69,1.5,33,37,0.0,10, 2
Shamil Abdurakhimov,2.45,44,2.45,58,1.23,24,47,0.2,10, 4
Shana Dobson,3.63,34,5.42,53,0.39,25,0,0.0,12, 0
Shane Burgos,7.09,50,5.34,62,0.36,100,90,0.2,0, 3
Shane Campbell,3.99,59,3.19,55,1.36,28,82,0.0,8, 12
Shane Carwin,4.38,47,3.53,53,1.42,33,42,0.0,9, 7
Shane del Rosario,3.93,60,2.97,54,1.2,40,16,2.4,4, 0
Shane Nelson,1.38,31,2.84,61,1.31,18,54,1.6,8, 4
Shane Roller,2.04,34,2.65,60,2.46,33,42,1.9,7, 3
Shannon Gugerty,1.25,39,1.88,58,2.13,27,50,3.4,8, 2
Shawn Jordan,2.87,50,3.3,47,1.97,38,76,0.1,3, 8
Shayna Baszler,2.49,30,6.36,51,0.67,18,44,1.3,12, 6
Sheymon Moraes,3.0,42,3.64,63,0.0,0,53,0.0,12, 6
Shinsho Anzai,3.23,58,3.75,45,1.83,16,75,0.0,11, 7
Shinya Aoki,0.97,58,1.25,58,2.54,41,60,4.0,1, 9
Shonie Carter,1.62,36,2.32,47,0.75,66,75,0.0,3, 5
Shungo Oyama,0.64,25,1.96,57,1.07,57,62,0.5,5, 4
Sijara Eubanks,4.77,39,3.42,58,2.0,44,63,0.0,9, 12
Siyar Bahadurzada,2.91,40,3.23,49,1.32,61,62,0.3,2, 3
Soa Palelei,2.47,57,2.68,48,2.2,47,66,0.0,0, 8
Sodiq Yusuff,6.1,49,4.06,58,0.0,0,72,0.3,12, 11
Song Yadong,3.54,38,2.74,62,0.97,100,66,0.7,0, 0
Spencer Fisher,3.17,43,3.03,64,0.67,30,60,0.8,8, 7
Stanislav Nedkov,3.33,43,5.39,43,2.77,41,0,0.0,5, 0
Stefan Struve,3.13,47,4.0,46,0.58,50,55,1.7,3, 2
Stephan Bonnar,2.76,38,3.01,52,1.32,40,60,1.0,5, 5
Stephen Thompson,3.93,44,2.73,59,0.36,45,78,0.0,8, 12
Steve Berger,1.0,27,3.26,36,0.84,40,16,1.7,10, 0
Steve Cantwell,3.63,34,5.76,55,0.65,30,80,0.7,12, 8
Steven Peterson,4.65,35,5.89,56,2.02,28,75,0.4,11, 11
Steven Siler,3.21,41,2.96,54,0.47,21,55,1.6,10, 6
Stevie Ray,3.73,44,2.93,54,0.75,46,55,0.6,3, 3
Stipe Miocic,4.95,52,3.69,56,2.2,37,73,0.0,9, 12
Sultan Aliev,1.41,45,2.2,56,1.76,38,100,0.0,5, 12
Syuri Kondo,5.4,44,7.22,58,0.0,0,83,0.3,12, 10
Tae Hyun Bang,2.72,38,2.07,66,0.49,33,57,0.5,6, 6
Tai Tuivasa,4.09,48,3.54,51,0.0,0,42,0.0,12, 5
Takafumi Otsuka,1.29,27,2.12,67,1.64,27,65,0.0,6, 5
Takanori Gomi,3.81,41,3.52,60,1.23,65,63,0.8,1, 2
Takeshi Inoue,2.54,44,3.32,61,0.0,0,47,0.0,12, 4
Takeya Mizugaki,3.37,37,3.27,57,1.46,57,70,0.1,2, 4
Talita Bernardo,3.12,42,4.04,55,1.62,22,28,0.5,12, 2
Tamdan McCrory,2.07,49,1.6,46,2.28,50,33,2.5,7, 0
Tarec Saffiedine,4.05,47,3.06,62,0.52,36,84,0.1,8, 12
Tatiana Suarez,4.82,65,1.45,48,6.47,62,100,0.6,0, 12
Tatsuya Kawajiri,2.04,44,2.01,50,3.63,48,63,1.1,0, 10
Tatsuya Mizuno,2.25,37,3.52,53,1.19,25,40,3.6,11, 0
Taylor Lapilus,3.77,45,2.0,61,0.58,40,81,0.6,7, 10
Tecia Torres,4.04,47,3.46,62,0.67,14,52,0.1,10, 7
Teemu Packalen,2.57,54,3.91,47,2.31,25,100,1.5,6, 12
Terrion Ware,4.02,32,6.07,50,0.5,22,44,0.0,12, 9
Terry Etim,2.16,35,2.53,67,0.43,30,39,1.4,10, 2
Terry Martin,2.82,43,3.13,54,3.1,42,92,0.0,5, 12
Teruto Ishihara,3.26,44,3.63,53,0.5,16,30,0.0,12, 3
Thales Leites,2.13,40,2.99,52,2.1,27,30,1.1,10, 1
Thiago Alves,3.73,41,3.42,62,0.71,60,63,0.3,1, 3
Thiago Santos,4.44,47,2.19,57,0.83,40,68,0.1,8, 10
Thiago Silva,3.92,50,2.55,67,1.03,47,70,0.7,1, 6
Thiago Tavares,2.0,40,2.31,62,3.83,42,62,1.5,1, 12
Thibault Gouti,3.68,34,5.64,50,1.23,80,83,0.3,0, 3
Thomas Almeida,5.66,45,4.65,64,0.0,0,75,0.0,12, 11
Thomas Denny,2.36,45,4.69,40,1.48,17,42,1.5,12, 4
Thomas Diagne,4.53,48,4.53,63,2.0,100,66,0.0,0, 1
Tiago Trator,3.69,35,4.23,59,0.63,11,33,0.3,12, 3
Tiequan Zhang,1.23,36,2.14,51,1.95,58,75,3.4,2, 10
Tiki Ghosn,2.78,46,2.94,58,0.41,50,61,0.0,3, 6
Tim Boetsch,2.93,50,2.9,57,1.45,34,59,0.8,8, 7
Tim Credeur,3.59,30,3.13,57,0.41,100,50,3.3,0, 0
Tim Elliott,3.49,46,2.57,60,4.14,57,60,1.2,0, 12
Tim Hague,2.79,47,4.14,46,1.72,33,85,0.9,6, 12
Tim Johnson,3.43,45,3.08,44,1.09,24,69,0.0,10, 7
Tim Kennedy,2.78,47,1.84,62,2.58,35,70,0.7,4, 10
Tim Means,4.87,45,3.44,62,0.91,44,63,0.2,9, 12
Tim Sylvia,4.23,41,2.61,61,0.11,100,75,0.1,0, 1
Tito Ortiz,2.59,46,2.88,60,2.47,35,54,0.6,7, 5
TJ Dillashaw,5.37,41,3.03,65,1.68,37,86,1.0,8, 12
TJ Grant,3.95,54,3.21,56,1.63,43,36,0.6,3, 0
TJ Waldburger,2.02,51,2.39,40,3.03,46,40,4.8,6, 0
Todd Duffee,5.93,37,2.87,56,0.72,25,90,0.0,9, 12
Todd Moore,1.83,26,2.3,57,0.78,14,54,0.0,10, 3
Tokimitsu Ishizawa,1.34,30,2.99,59,2.74,18,0,0.0,10, 0
Tom Breese,3.55,50,2.73,62,0.0,0,75,0.3,12, 7
Tom Erikson,0.94,47,1.87,25,4.68,60,100,6.2,1, 11
Tom Lawlor,2.5,42,2.41,60,2.46,32,57,1.4,7, 4
Tom Niinimaki,1.91,54,2.31,58,2.97,46,33,0.5,6, 0
Tom Watson,4.01,44,4.41,50,0.15,7,43,0.0,12, 5
Tomasz Drwal,3.29,38,2.26,57,3.55,60,82,0.4,1, 12
Tony DeSouza,1.12,52,1.57,41,2.25,42,40,1.5,7, 1
Tony Ferguson,5.81,45,3.75,63,0.56,42,75,1.4,10, 12
Tony Fryklund,3.49,39,6.5,43,0.0,0,66,0.5,12, 9
Tonya Evinger,1.16,42,4.02,38,0.93,30,33,0.9,11, 2
Tor Troeng,1.16,46,3.26,32,0.62,7,66,0.3,12, 5
Tra Telligman,1.83,35,3.02,56,0.87,100,80,0.0,0, 0
Travis Browne,2.93,41,4.31,42,1.21,68,75,0.2,0, 3
Travis Wiuff,0.48,30,4.03,41,4.84,57,44,1.2,5, 1
Trevin Giles,3.61,56,1.75,63,1.47,100,73,0.2,0, 0
Trevor Prangley,2.59,60,2.02,48,3.38,55,74,1.0,0, 9
Trevor Smith,3.29,55,3.31,51,1.7,32,60,0.7,9, 7
Tsuyoshi Kohsaka,1.88,38,4.41,54,1.32,20,33,0.4,12, 2
Tyler Toner,2.95,52,2.13,62,0.0,0,54,0.4,12, 5
Tyron Woodley,2.5,49,2.58,57,1.21,41,92,0.5,5, 11
Tyson Griffin,3.71,41,2.3,65,1.87,46,59,0.9,3, 4
Tyson Pedro,2.7,62,2.55,48,0.74,25,52,1.5,10, 5
Ulka Sasaki,2.16,41,2.5,50,3.03,43,41,1.2,6, 2
Uriah Hall,3.31,50,3.57,53,0.75,38,69,0.2,8, 9
Urijah Faber,2.65,40,2.59,64,1.54,30,58,0.8,7, 6
Vagner Rocha,2.64,42,4.5,48,1.4,33,50,1.9,9, 6
Valentijn Overeem,0.93,34,1.49,58,1.86,50,0,4.7,9, 0
Valentina Shevchenko,3.06,50,2.12,63,2.09,54,77,0.4,0, 7
Valerie Letourneau,4.51,37,5.4,58,0.77,45,66,0.3,10, 12
Vaughan Lee,3.47,47,2.07,70,0.81,33,72,1.0,7, 9
Vernon White,2.11,38,2.2,54,0.88,28,44,0.0,10, 3
Veronica Macedo,3.13,39,5.06,43,0.57,18,46,0.6,12, 5
Vicente Luque,5.18,53,5.34,51,0.82,50,64,1.0,10, 12
Vik Grujic,2.24,48,3.39,41,1.18,33,26,0.4,11, 2
Viktor Pesta,1.58,36,2.54,56,3.29,28,100,0.0,5, 12
Vinc Pichel,3.29,45,2.55,56,4.0,60,22,0.4,4, 0
Vinny Magalhaes,2.14,24,3.97,68,1.55,44,66,0.8,5, 5
Viscardi Andrade,3.26,42,2.77,63,1.93,50,66,0.3,3, 5
Vitor Belfort,1.59,46,2.83,50,1.02,60,53,0.6,2, 0
Vitor Miranda,2.98,45,2.95,58,0.95,55,50,0.2,2, 1
Vitor Ribeiro,1.0,28,1.95,48,1.58,26,100,1.2,5, 12
Viviane Pereira,2.7,30,4.48,58,0.25,100,28,0.2,0, 0
Vladimir Matyushenko,1.9,44,1.62,59,3.25,46,70,0.1,2, 11
Volkan Oezdemir,4.88,45,4.14,55,0.39,22,80,0.0,10, 11
Wagner da Conceicao Martins,1.91,37,5.43,42,2.2,100,100,0.0,0, 1
Wagnney Fabiano,1.19,38,0.66,70,3.44,64,100,0.4,3, 12
Walel Watson,2.1,29,3.79,43,0.0,0,61,1.4,12, 6
Wallid Ismail,0.92,31,0.83,44,1.85,28,0,0.5,10, 0
Walt Harris,2.96,38,2.68,61,0.35,33,76,0.2,6, 9
Wanderlei Silva,2.79,40,2.19,60,0.97,53,62,0.6,3, 5
Warlley Alves,3.01,46,3.69,50,1.39,52,75,1.0,1, 6
Waylon Lowe,1.88,55,2.4,53,4.47,55,83,0.3,0, 12
Weili Zhang,6.38,45,4.43,53,1.26,23,100,0.5,12, 12
Wes Sims,0.98,51,2.95,37,0.0,0,40,2.3,12, 1
Wesley Correira,2.6,36,8.8,40,0.0,0,90,0.0,12, 9
Will Brooks,4.26,59,2.54,56,2.08,51,82,0.3,0, 6
Will Campuzano,2.43,31,3.82,57,0.88,45,48,0.2,5, 4
William Patolino,4.92,54,3.96,65,1.85,45,78,0.0,9, 12
Willie Gates,1.8,38,4.28,38,0.0,0,67,0.4,12, 6
Wilson Gouveia,3.02,39,4.06,56,0.9,66,57,2.2,2, 1
Wilson Reis,1.83,29,3.04,55,5.15,42,47,0.6,0, 12
Xiaonan Yan,6.72,42,3.88,63,1.2,75,70,0.0,0, 4
Yair Rodriguez,4.33,45,3.13,57,0.9,29,63,0.9,9, 9
Yan Cabral,2.02,47,1.98,62,2.89,35,37,1.2,7, 1
Yana Kunitskaya,5.05,52,4.12,49,2.39,53,20,0.3,3, 0
Yancy Medeiros,4.05,35,5.38,46,0.12,25,76,0.5,12, 8
Yao Zhikui,1.44,21,2.82,48,0.66,16,58,0.0,10, 3
Yaotzin Meza,1.43,41,1.62,64,1.06,20,18,1.4,11, 0
Yoel Romero,3.44,49,3.05,60,1.57,30,78,0.0,7, 10
Yosdenis Cedeno,1.64,29,1.6,67,0.0,0,31,0.3,12, 1
Yoshihiro Akiyama,3.1,41,3.62,57,2.29,67,92,1.0,0, 5
Yoshihisa Yamamoto,1.65,38,3.05,53,1.0,20,50,0.6,10, 4
Yoshiki Takahashi,2.26,51,6.47,44,0.0,0,66,2.3,12, 7
Yoshiro Maeda,2.36,33,2.55,63,2.93,51,50,0.7,4, 3
Yoshiyuki Yoshida,0.85,36,3.67,36,1.41,28,25,2.8,10, 0
Yosuke Nishijima,1.72,37,5.59,56,0.0,0,0,0.0,12, 0
Yuki Kondo,1.14,42,2.57,51,0.76,41,37,0.5,8, 2
Yushin Okami,2.06,38,2.25,60,1.98,39,84,0.5,5, 11
Yves Edwards,2.91,42,2.34,66,0.76,53,69,0.7,3, 6
Yves Jabouin,3.06,41,2.93,62,1.94,60,82,0.1,1, 5
Zabit Magomedsharipov,4.89,48,3.0,64,5.22,56,77,0.8,0, 12
Zach Makovsky,1.94,43,2.24,62,3.71,30,56,0.3,1, 11
Zak Cummings,2.47,32,2.75,53,0.75,28,62,0.8,7, 6
Zak Ottow,2.63,36,2.73,58,0.97,29,57,0.4,7, 6
Zelg Galesic,4.86,62,0.61,66,1.3,100,20,1.3,0, 0
Zubaira Tukhugov,2.58,38,2.07,68,2.88,56,100,0.0,4, 12
